image_name,date,camera_model,GPS_latitude,GPS_longitude,GPS_Altitude,GPS_Direction,exposure,aperture,iso,focus,zoom
img_1861.jpg,2022:07:12 15:45:37,iPhone 11,54.301963888888885,48.37640833333333,125.48599033816426,170.10468291696168,1/122,2.4,20,1.54,1.0223123732251522
img_1691.jpg,2022:07:07 17:14:11,iPhone 11,54.32955833333334,48.39263611111111,182.10631741140216,185.3189620758483,1/122,2.4,20,1.54,1.237315875613748
img_2398.jpg,2022:07:13 08:49:49,iPhone 11,54.30277222222222,48.37628055555555,127.79983388704319,105.00694663719608,1/122,2.4,50,1.54,1.0223123732251522
img_1685.jpg,2022:07:07 17:13:00,iPhone 11,54.329575000000006,48.39254722222222,181.53422438234102,183.68979649519503,1/137,2.4,20,1.54,1.237315875613748
img_2373.jpg,2022:07:13 08:46:26,iPhone 11,54.302841666666666,48.376194444444444,135.87122807017545,127.51813132963083,1/126,2.4,20,1.54,1.0223123732251522
img_2429.jpg,2022:07:13 08:58:50,iPhone 11,54.30175277777777,48.37645277777778,139.67408006469876,185.1491469455146,1/122,2.4,40,1.54,1.0223123732251522
img_1901.jpg,2022:07:12 15:54:12,iPhone 11,54.30173611111111,48.37642777777778,124.52416052416052,346.47958366693354,1/121,2.4,64,1.54,1.0223123732251522
img_1929.jpg,2022:07:12 16:01:53,iPhone 11,54.301624999999994,48.37485,121.82398029017246,281.56987012987014,1/144,2.4,20,1.54,1.0223123732251522
img_2575.jpg,2022:07:13 09:31:24,iPhone 11,54.30242222222222,48.37524166666667,128.25090762404196,207.2003707708945,1/122,2.4,20,1.54,1.0223123732251522
img_2561.jpg,2022:07:13 09:29:25,iPhone 11,54.30246388888889,48.37552222222222,125.75746636035444,21.197021484375,1/122,2.4,25,1.54,1.0223123732251522
img_2549.jpg,2022:07:13 09:27:19,iPhone 11,54.30246666666666,48.375527777777776,132.1915305840022,17.68988037109375,1/122,2.4,40,1.54,1.0223123732251522
img_2788.jpg,2022:07:13 10:24:34,iPhone 11,54.30496944444444,48.37502222222222,143.63386907095256,270.93911719939115,1/122,2.4,25,1.54,1.0223123732251522
img_2944.jpg,2022:07:13 12:09:12,iPhone 11,54.330172222222224,48.39445833333333,182.26587677725118,188.70876312610352,1/737,2.4,20,1.54,1.0223123732251522
img_2763.jpg,2022:07:13 10:18:18,iPhone 11,54.304991666666666,48.37591666666667,134.9148587801883,257.8381652964085,1/452,2.4,20,1.54,1.0223123732251522
img_2005.jpg,2022:07:12 16:22:23,iPhone 11,54.30197222222222,48.37468055555556,121.42180712423979,116.47179410444411,1/122,2.4,32,1.54,1.0223123732251522
img_2010.jpg,2022:07:12 16:26:20,iPhone 11,54.30114722222222,48.374775,120.57965130164796,260.9005281690141,1/122,2.4,25,1.54,1.0223123732251522
img_2945.jpg,2022:07:13 12:09:21,iPhone 11,54.33018888888889,48.394444444444446,182.50391644908615,190.68843843843842,1/813,2.4,20,1.54,1.0223123732251522
img_2789.jpg,2022:07:13 10:24:39,iPhone 11,54.30497777777777,48.37499722222222,142.2213953488372,267.4165191740413,1/122,2.4,25,1.54,1.0223123732251522
img_2548.jpg,2022:07:13 09:27:12,iPhone 11,54.30245277777777,48.375508333333336,131.7638422818792,16.760284408329102,1/122,2.4,40,1.54,1.0223123732251522
img_2574.jpg,2022:07:13 09:31:18,iPhone 11,54.302411111111105,48.375225,128.10178306092124,207.8225020308692,1/122,2.4,20,1.54,1.0223123732251522
img_1647.jpg,2022:07:07 11:51:23,iPhone 11,54.330219444444445,48.39393611111111,182.9326158165653,345.63484190948543,1/413,2.4,20,1.54,1.3795620437956204
img_1653.jpg,2022:07:07 11:52:51,iPhone 11,54.330136111111116,48.394025,182.80720665229444,347.73162835869215,1/695,2.4,20,1.54,1.3795620437956204
img_2372.jpg,2022:07:13 08:45:33,iPhone 11,54.30276388888888,48.376397222222224,137.06081370449678,113.58932683191115,1/122,2.4,80,1.54,1.0223123732251522
img_1684.jpg,2022:07:07 17:12:49,iPhone 11,54.32962777777778,48.392513888888885,181.36243902439026,189.42912300055158,1/127,2.4,20,1.54,1.237315875613748
img_1848.jpg,2022:07:12 15:41:07,iPhone 11,54.3024,48.37816111111111,128.32629012596504,61.93838499808649,1/122,2.4,25,1.54,1.0223123732251522
img_1690.jpg,2022:07:07 17:14:00,iPhone 11,54.32954444444445,48.39264722222222,181.92285084496694,186.49646756583172,1/126,2.4,20,1.54,1.237315875613748
img_1860.jpg,2022:07:12 15:45:31,iPhone 11,54.30197222222222,48.37642777777778,125.49564634963161,170.85114300903774,1/122,2.4,25,1.54,1.0223123732251522
img_1874.jpg,2022:07:12 15:48:48,iPhone 11,54.30171111111111,48.37592222222222,123.86918016194332,268.7588042588043,1/197,2.4,20,1.54,1.0223123732251522
img_2614.jpg,2022:07:13 09:40:00,iPhone 11,54.30255833333333,48.37591111111111,132.2175182481752,260.8975678203929,1/122,2.4,32,1.54,1.0223123732251522
img_2600.jpg,2022:07:13 09:38:04,iPhone 11,54.30253888888888,48.37575555555556,131.59441489361703,92.65789700681445,1/122,2.4,40,1.54,1.0223123732251522
img_1862.jpg,2022:07:12 15:45:44,iPhone 11,54.301966666666665,48.376419444444444,125.56042435424354,168.83278655930013,1/123,2.4,20,1.54,1.0223123732251522
img_1686.jpg,2022:07:07 17:13:06,iPhone 11,54.329569444444445,48.39259722222222,181.96477946017117,185.58030700112317,1/137,2.4,20,1.54,1.237315875613748
img_1692.jpg,2022:07:07 17:14:24,iPhone 11,54.32958333333334,48.392697222222225,182.11274480973947,182.3463211308445,1/151,2.4,20,1.54,1.237315875613748
img_1645.jpg,2022:07:07 11:50:45,iPhone 11,54.33022777777778,48.393875,183.63405572755417,263.59678653404745,1/122,2.4,32,1.54,1.3795620437956204
img_1916.jpg,2022:07:12 15:59:51,iPhone 11,54.301602777777774,48.37483888888889,121.70154230929553,281.4375152849107,1/132,2.4,20,1.54,1.0223123732251522
img_1902.jpg,2022:07:12 15:54:20,iPhone 11,54.30174722222222,48.37643333333333,124.68303610647456,347.45309477756285,1/122,2.4,64,1.54,1.0223123732251522
img_2562.jpg,2022:07:13 09:29:44,iPhone 11,54.30249722222222,48.37551944444444,128.0346590909091,20.809967035097927,1/122,2.4,25,1.54,1.0223123732251522
img_2760.jpg,2022:07:13 10:18:00,iPhone 11,54.30497777777777,48.375861111111114,134.254970022089,250.22544878563886,1/417,2.4,20,1.54,1.0223123732251522
img_2774.jpg,2022:07:13 10:22:13,iPhone 11,54.304988888888886,48.37485,135.91296,346.35125758889853,1/198,2.4,20,1.54,1.0223123732251522
img_2012.jpg,2022:07:12 16:26:31,iPhone 11,54.301177777777774,48.37477777777778,120.83219054492963,261.77008032128515,1/122,2.4,25,1.54,1.0223123732251522
img_2748.jpg,2022:07:13 10:16:33,iPhone 11,54.30500833333333,48.37589722222222,137.02242443938903,256.5905,1/489,2.4,20,1.54,1.0595655220742817
img_2775.jpg,2022:07:13 10:22:20,iPhone 11,54.30500833333333,48.374855555555555,136.97827031725336,354.5391845703125,1/201,2.4,20,1.54,1.0223123732251522
img_2007.jpg,2022:07:12 16:24:22,iPhone 11,54.30193611111111,48.374630555555555,120.99340804218853,119.04475781729,1/122,2.4,25,1.54,1.0223123732251522
img_2577.jpg,2022:07:13 09:31:43,iPhone 11,54.3024,48.37526388888889,128.91180461329716,211.30775444264944,1/130,2.4,20,1.54,1.0223123732251522
img_2563.jpg,2022:07:13 09:29:52,iPhone 11,54.302474999999994,48.375480555555555,127.7827905587093,17.08193968701726,1/122,2.4,32,1.54,1.0223123732251522
img_2588.jpg,2022:07:13 09:36:19,iPhone 11,54.302588888888884,48.375861111111114,134.16599799398193,186.59215520877268,1/122,2.4,20,1.54,1.0223123732251522
img_1903.jpg,2022:07:12 15:54:27,iPhone 11,54.301766666666666,48.37641111111111,124.79188753168933,353.18243419338023,1/122,2.4,64,1.54,1.0223123732251522
img_1650.jpg,2022:07:07 11:51:51,iPhone 11,54.33020277777778,48.39398055555556,182.77483395372602,340.37477106227107,1/558,2.4,20,1.54,1.3795620437956204
img_2359.jpg,2022:07:13 08:43:48,iPhone 11,54.30278055555555,48.37635,138.29327048965698,113.59708584098829,1/122,2.4,80,1.54,1.0223123732251522
img_1687.jpg,2022:07:07 17:13:18,iPhone 11,54.329547222222224,48.39261111111111,181.75274988043998,184.6827393431167,1/153,2.4,20,1.54,1.237315875613748
img_1863.jpg,2022:07:12 15:45:51,iPhone 11,54.30197222222222,48.37641388888889,125.46309813463098,178.06754306436991,1/122,2.4,20,1.54,1.0223123732251522
img_2629.jpg,2022:07:13 09:44:53,iPhone 11,54.30328055555555,48.37838333333333,133.2168913560666,90.66326819597847,1/137,2.4,20,1.54,1.0223123732251522
img_2601.jpg,2022:07:13 09:38:11,iPhone 11,54.30253888888888,48.37578888888889,132.35598455598455,91.46691792294807,1/122,2.4,40,1.54,1.0223123732251522
img_2615.jpg,2022:07:13 09:40:05,iPhone 11,54.30256388888888,48.37585555555555,133.2039589961117,265.86570743405275,1/122,2.4,25,1.54,1.0223123732251522
img_2639.jpg,2022:07:13 09:46:57,iPhone 11,54.30332222222222,48.37818611111111,139.61401396580786,93.79733181947203,1/121,2.4,125,1.54,1.0223123732251522
img_1640.jpg,2022:07:07 11:48:35,iPhone 11,54.330219444444445,48.39387222222222,182.7676646706587,272.0663145539906,1/122,2.4,50,1.54,1.3795620437956204
img_2361.jpg,2022:07:13 08:44:04,iPhone 11,54.302791666666664,48.37634722222222,140.49869041382922,114.70629114850037,1/122,2.4,64,1.54,1.0223123732251522
img_1907.jpg,2022:07:12 15:57:00,iPhone 11,54.30181388888889,48.376127777777775,124.64296296296297,347.5914608622855,1/208,2.4,20,1.54,1.0223123732251522
img_1708.jpg,2022:07:07 17:18:13,iPhone 11,54.32962777777778,48.39273333333333,181.53157439446366,96.67096237788401,1/1170,2.4,20,1.54,1.237315875613748
img_2765.jpg,2022:07:13 10:18:30,iPhone 11,54.304986111111106,48.3759,136.84277299501585,260.32101449275365,1/457,2.4,20,1.54,1.0223123732251522
img_2003.jpg,2022:07:12 16:22:03,iPhone 11,54.301944444444445,48.3747,121.27477876106195,117.9679984851354,1/122,2.4,25,1.54,1.0223123732251522
img_2016.jpg,2022:07:12 16:27:03,iPhone 11,54.30121944444444,48.37476388888889,120.77788250078542,259.0155183116077,1/122,2.4,32,1.54,1.0223123732251522
img_2770.jpg,2022:07:13 10:21:53,iPhone 11,54.304966666666665,48.37475555555556,131.69591968911917,348.2733153638814,1/159,2.4,20,1.54,1.0223123732251522
img_2764.jpg,2022:07:13 10:18:24,iPhone 11,54.304991666666666,48.37590277777778,134.44123641304347,261.2237243785434,1/457,2.4,20,1.54,1.0223123732251522
img_2002.jpg,2022:07:12 16:21:57,iPhone 11,54.30195555555555,48.374722222222225,121.42001710863987,113.21661000485673,1/122,2.4,25,1.54,1.0223123732251522
img_1709.jpg,2022:07:07 17:18:20,iPhone 11,54.32961388888889,48.39275,181.57622130665098,82.9755554180333,1/922,2.4,20,1.54,1.237315875613748
img_1912.jpg,2022:07:12 15:57:58,iPhone 11,54.30182222222222,48.376127777777775,124.65927873779114,351.41552734375,1/186,2.4,20,1.54,1.0223123732251522
img_2406.jpg,2022:07:13 08:53:05,iPhone 11,54.30240555555555,48.37811666666667,139.01196013289035,91.23330585325638,1/122,2.4,32,1.54,1.0223123732251522
img_2374.jpg,2022:07:13 08:46:32,iPhone 11,54.302813888888885,48.376225,132.41148272017838,119.8102760226139,1/176,2.4,20,1.54,1.0223123732251522
img_1641.jpg,2022:07:07 11:48:54,iPhone 11,54.33018611111112,48.39387222222222,182.67643229166666,268.5419006964727,1/122,2.4,40,1.54,1.3795620437956204
img_1899.jpg,2022:07:12 15:53:54,iPhone 11,54.30173611111111,48.37640277777778,124.45749559082893,348.0336,1/122,2.4,64,1.54,1.0223123732251522
img_1696.jpg,2022:07:07 17:15:34,iPhone 11,54.32955833333334,48.3926,181.73073770491803,177.65684496826836,1/122,2.4,40,1.54,1.237315875613748
img_2604.jpg,2022:07:13 09:38:34,iPhone 11,54.30253611111111,48.37586944444445,132.53784295175024,100.25427158273381,1/122,2.4,32,1.54,1.0223123732251522
img_2638.jpg,2022:07:13 09:46:51,iPhone 11,54.30333333333333,48.37818888888889,139.53505201266395,91.07934468358496,1/122,2.4,80,1.54,1.0223123732251522
img_1680.jpg,2022:07:07 17:10:00,iPhone 11,54.33001666666667,48.39402777777778,182.50235825388862,170.1294250920419,1/122,2.4,50,1.54,1.237315875613748
img_1864.jpg,2022:07:12 15:46:04,iPhone 11,54.30198333333333,48.376397222222224,125.42980096826251,172.8153153153153,1/160,2.4,20,1.54,1.0223123732251522
img_1643.jpg,2022:07:07 11:49:33,iPhone 11,54.330200000000005,48.393905555555556,182.6173756470853,260.4773561811505,1/122,2.4,40,1.54,1.3795620437956204
img_2404.jpg,2022:07:13 08:52:44,iPhone 11,54.30239444444444,48.378036111111115,140.64880952380952,100.26229763387298,1/122,2.4,32,1.54,1.0223123732251522
img_2410.jpg,2022:07:13 08:53:28,iPhone 11,54.302391666666665,48.378175,137.8940433708482,91.39852809991079,1/122,2.4,64,1.54,1.0223123732251522
img_2376.jpg,2022:07:13 08:46:50,iPhone 11,54.30276111111111,48.37620833333333,132.71553930530163,118.82170294494239,1/122,2.4,32,1.54,1.0223123732251522
img_1938.jpg,2022:07:12 16:03:37,iPhone 11,54.301602777777774,48.374775,121.43423863289594,207.53340132585416,1/168,2.4,20,1.54,1.0223123732251522
img_1910.jpg,2022:07:12 15:57:27,iPhone 11,54.30178055555555,48.376125,124.4869011976048,347.6528013582343,1/226,2.4,20,1.54,1.0223123732251522
img_2570.jpg,2022:07:13 09:30:52,iPhone 11,54.30240277777777,48.37520277777778,126.92266795553408,205.98354341736695,1/122,2.4,25,1.54,1.0223123732251522
img_2799.jpg,2022:07:13 10:26:08,iPhone 11,54.30493055555555,48.37490555555556,137.0201019252548,265.36784351145036,1/160,2.4,20,1.54,1.0223123732251522
img_2941.jpg,2022:07:13 12:08:56,iPhone 11,54.33018611111112,48.39443611111111,182.40974358974358,187.43013768485466,1/592,2.4,20,1.54,1.0223123732251522
img_2014.jpg,2022:07:12 16:26:42,iPhone 11,54.30115833333333,48.37473333333333,120.74519377479402,270.89659123460325,1/132,2.4,20,1.54,1.0223123732251522
img_2766.jpg,2022:07:13 10:21:31,iPhone 11,54.30486666666666,48.374775,131.15260099612618,359.3250728862974,1/200,2.4,20,1.54,1.0223123732251522
img_2001.jpg,2022:07:12 16:21:51,iPhone 11,54.30194722222222,48.374747222222226,121.46932185145317,100.88679700699976,1/122,2.4,25,1.54,1.0223123732251522
img_2767.jpg,2022:07:13 10:21:37,iPhone 11,54.30490555555555,48.37478611111111,131.26070114274646,352.2962648556876,1/187,2.4,20,1.54,1.0223123732251522
img_2940.jpg,2022:07:13 12:08:50,iPhone 11,54.33018888888889,48.39444722222222,182.41498062849763,186.66432953549517,1/527,2.4,20,1.54,1.0223123732251522
img_1939.jpg,2022:07:12 16:03:45,iPhone 11,54.30161388888889,48.37477222222222,121.50647887323943,202.88314059646987,1/187,2.4,20,1.54,1.0223123732251522
img_2411.jpg,2022:07:13 08:53:34,iPhone 11,54.30238333333333,48.37818888888889,138.2930849158008,94.0286855482934,1/121,2.4,80,1.54,1.0223123732251522
img_2405.jpg,2022:07:13 08:52:56,iPhone 11,54.30239444444444,48.37808888888889,139.1708817498291,89.23904421011899,1/122,2.4,32,1.54,1.0223123732251522
img_1656.jpg,2022:07:07 11:53:45,iPhone 11,54.330172222222224,48.393994444444445,182.58587429993779,339.2824251726784,1/347,2.4,20,1.54,1.3795620437956204
img_1865.jpg,2022:07:12 15:46:12,iPhone 11,54.30199444444444,48.37638888888889,125.39134615384616,174.33955393718708,1/122,2.4,20,1.54,1.0223123732251522
img_1681.jpg,2022:07:07 17:10:11,iPhone 11,54.330025000000006,48.394019444444446,182.566573556797,168.13314817840222,1/122,2.4,40,1.54,1.237315875613748
img_2613.jpg,2022:07:13 09:39:54,iPhone 11,54.30255833333333,48.375880555555554,131.48001598721024,261.59056090931557,1/122,2.4,32,1.54,1.0223123732251522
img_2660.jpg,2022:07:13 09:49:37,iPhone 11,54.30344722222222,48.37808888888889,145.8204970849954,265.197311827957,1/122,2.4,40,1.54,1.0223123732251522
img_2674.jpg,2022:07:13 09:51:58,iPhone 11,54.30334444444444,48.378169444444445,150.1795677799607,264.244888254874,1/122,2.4,64,1.54,1.0223123732251522
img_2648.jpg,2022:07:13 09:47:58,iPhone 11,54.303219444444444,48.378119444444444,144.01696994479656,94.94091710758377,1/122,2.4,100,1.54,1.0223123732251522
img_2890.jpg,2022:07:13 12:01:19,iPhone 11,54.33014722222222,48.394705555555554,182.34119251753702,183.57746120580006,1/545,2.4,20,1.54,1.0223123732251522
img_2304.jpg,2022:07:12 17:49:41,iPhone 11,54.29621944444444,48.371291666666664,128.15250583797376,323.1024630541872,1/122,2.4,40,1.54,1.0223123732251522
img_2462.jpg,2022:07:13 09:05:21,iPhone 11,54.301138888888886,48.37544166666667,122.3505214368482,94.45025541230844,1/122,2.4,50,1.54,1.0223123732251522
img_2476.jpg,2022:07:13 09:07:34,iPhone 11,54.301138888888886,48.375030555555554,127.01797990481226,252.85806270996642,1/322,2.4,20,1.54,1.0223123732251522
img_1619.jpg,2022:07:07 11:13:00,iPhone 11,54.32954444444445,48.39533333333333,181.70044977511245,341.38452163315054,1/1838,1.8,32,4.25,
img_2310.jpg,2022:07:12 17:50:22,iPhone 11,54.296252777777774,48.37123611111111,123.33941093969145,315.5930941096818,1/122,2.4,32,1.54,1.0223123732251522
img_1631.jpg,2022:07:07 11:46:40,iPhone 11,54.33018888888889,48.393816666666666,183.15294880103693,264.60470588235296,1/122,2.4,64,1.54,1.3795620437956204
img_1976.jpg,2022:07:12 16:15:31,iPhone 11,54.30273888888889,48.374947222222225,122.26308229017033,19.932312021259964,1/243,2.4,20,1.54,1.0223123732251522
img_2270.jpg,2022:07:12 17:40:34,iPhone 11,54.297066666666666,48.370425,122.46584200168681,120.1553955078125,1/122,2.4,100,1.54,1.0223123732251522
img_2516.jpg,2022:07:13 09:16:12,iPhone 11,54.30118888888889,48.37457222222222,141.2718813608607,273.00172413793103,1/773,2.4,20,1.54,1.0223123732251522
img_2502.jpg,2022:07:13 09:14:19,iPhone 11,54.30115555555555,48.374655555555556,139.12343842950625,70.13531499556345,1/184,2.4,20,1.54,1.0223123732251522
img_2264.jpg,2022:07:12 17:28:38,iPhone 11,54.29763333333333,48.37110555555556,113.65107506601282,31.627716079188797,1/122,2.4,100,1.54,1.0223123732251522
img_2927.jpg,2022:07:13 12:06:31,iPhone 11,54.329997222222225,48.39392222222222,182.36733001658374,108.36577608142494,1/122,2.4,32,1.54,1.0223123732251522
img_2728.jpg,2022:07:13 10:13:53,iPhone 11,54.304986111111106,48.37598888888889,128.6188050023159,344.2984771573604,1/484,2.4,20,1.54,1.0595655220742817
img_2932.jpg,2022:07:13 12:07:52,iPhone 11,54.33018055555556,48.394438888888885,182.3005551149881,185.9710082215491,1/841,2.4,20,1.54,1.0223123732251522
img_2503.jpg,2022:07:13 09:14:24,iPhone 11,54.30114444444444,48.37467222222222,139.2723463687151,69.91265871489034,1/208,2.4,20,1.54,1.0223123732251522
img_2271.jpg,2022:07:12 17:40:40,iPhone 11,54.29706111111111,48.37043888888889,122.71540312876053,117.04399870592042,1/121,2.4,125,1.54,1.0223123732251522
img_1977.jpg,2022:07:12 16:18:38,iPhone 11,54.30192222222222,48.375008333333334,122.17179830432842,31.040588395532552,1/122,2.4,25,1.54,1.0223123732251522
img_1963.jpg,2022:07:12 16:13:57,iPhone 11,54.30271111111111,48.37493888888889,122.30665566556655,19.475036612967646,1/212,2.4,20,1.54,1.0223123732251522
img_2477.jpg,2022:07:13 09:07:41,iPhone 11,54.301136111111106,48.37505,126.58792636408867,251.88887023669633,1/387,2.4,20,1.54,1.0223123732251522
img_1618.jpg,2022:07:07 11:12:48,iPhone 11,54.32954444444445,48.395358333333334,181.54282744282744,334.21406539173347,1/1808,1.8,32,4.25,
img_2305.jpg,2022:07:12 17:49:46,iPhone 11,54.29623055555555,48.371269444444444,128.87724306688418,319.80639634494577,1/122,2.4,40,1.54,1.0223123732251522
img_2463.jpg,2022:07:13 09:05:28,iPhone 11,54.30114722222222,48.37543055555555,121.71706503613119,89.81591796875,1/122,2.4,50,1.54,1.0223123732251522
img_2891.jpg,2022:07:13 12:01:24,iPhone 11,54.33015833333334,48.394711111111114,182.34430546412113,180.45296477931342,1/558,2.4,20,1.54,1.0223123732251522
img_2885.jpg,2022:07:13 12:00:40,iPhone 11,54.33021111111111,48.394780555555556,182.6110325318246,189.24221046443267,1/1115,2.4,20,1.54,1.0223123732251522
img_2688.jpg,2022:07:13 09:53:59,iPhone 11,54.30357222222222,48.37828888888889,154.9431552054503,2.863494873046875,1/150,2.4,20,1.54,1.0223123732251522
img_1829.jpg,2022:07:12 15:36:59,iPhone 11,54.302861111111106,48.37815,129.1932,337.4197233914612,1/163,2.4,20,1.54,1.0223123732251522
img_2313.jpg,2022:07:12 17:50:45,iPhone 11,54.29627222222222,48.371208333333335,122.58667705492793,312.9544678429141,1/122,2.4,32,1.54,1.0223123732251522
img_1626.jpg,2022:07:07 11:45:32,iPhone 11,54.33022777777778,48.39383611111111,182.6681559707555,271.52597047566974,1/122,2.4,64,1.54,1.3795620437956204
img_2449.jpg,2022:07:13 09:01:45,iPhone 11,54.30176944444444,48.37617777777778,125.12454911945682,172.33303085299457,1/122,2.4,25,1.54,1.0223123732251522
img_2918.jpg,2022:07:13 12:04:50,iPhone 11,54.33016111111112,48.394333333333336,182.4124313186813,92.9636058230683,1/592,2.4,20,1.54,1.0223123732251522
img_2930.jpg,2022:07:13 12:07:42,iPhone 11,54.33018611111112,48.394444444444446,182.3059941744596,189.28889470927186,1/639,2.4,20,1.54,1.0223123732251522
img_2716.jpg,2022:07:13 09:57:00,iPhone 11,54.30357222222222,48.37821666666667,153.59200153816573,265.59985369422094,1/170,2.4,20,1.54,1.0223123732251522
img_2931.jpg,2022:07:13 12:07:47,iPhone 11,54.33018055555556,48.394444444444446,182.30484610347085,185.62028499580887,1/737,2.4,20,1.54,1.0223123732251522
img_2528.jpg,2022:07:13 09:21:43,iPhone 11,54.30158333333333,48.374916666666664,129.23327239488117,109.08900836320191,1/162,2.4,20,1.54,1.0223123732251522
img_2514.jpg,2022:07:13 09:15:59,iPhone 11,54.30120833333333,48.37455,140.3971023063276,270.8408203125,1/799,2.4,20,1.54,1.0223123732251522
img_2272.jpg,2022:07:12 17:40:45,iPhone 11,54.29706111111111,48.37041388888889,122.78713168971738,121.21500777604977,1/122,2.4,100,1.54,1.0223123732251522
img_2266.jpg,2022:07:12 17:40:11,iPhone 11,54.29707777777777,48.37043888888889,120.38334707337181,117.91239173884077,1/122,2.4,100,1.54,1.0223123732251522
img_1948.jpg,2022:07:12 16:11:24,iPhone 11,54.30251944444444,48.375458333333334,124.23927178153446,16.971008313792368,1/122,2.4,40,1.54,1.0223123732251522
img_1627.jpg,2022:07:07 11:45:42,iPhone 11,54.330263888888894,48.39383611111111,182.74223069590084,276.87178019461936,1/121,2.4,64,1.54,1.3795620437956204
img_2460.jpg,2022:07:13 09:05:07,iPhone 11,54.30113333333333,48.37544166666667,121.7634382566586,93.6134328358209,1/122,2.4,40,1.54,1.0223123732251522
img_2306.jpg,2022:07:12 17:49:52,iPhone 11,54.29622777777777,48.37128888888889,127.96061776061777,319.8919372900336,1/122,2.4,40,1.54,1.0223123732251522
img_2474.jpg,2022:07:13 09:07:06,iPhone 11,54.30110555555555,48.374972222222226,126.19543281996813,258.2226865671642,1/421,2.4,20,1.54,1.0223123732251522
img_2892.jpg,2022:07:13 12:01:29,iPhone 11,54.33015833333334,48.39471388888889,182.4159509202454,180.992828328104,1/527,2.4,20,1.54,1.0223123732251522
img_2879.jpg,2022:07:13 11:59:57,iPhone 11,54.330172222222224,48.39480555555556,182.1731150793651,182.1102218988723,1/578,2.4,20,1.54,1.0223123732251522
img_2869.jpg,2022:07:13 11:58:26,iPhone 11,54.330197222222225,48.39491388888889,182.20659302726958,73.12118531623176,1/470,2.4,20,1.54,1.0223123732251522
img_2896.jpg,2022:07:13 12:01:57,iPhone 11,54.330177777777784,48.39469444444445,182.35024752475246,183.94918071716933,1/564,2.4,20,1.54,1.0223123732251522
img_2882.jpg,2022:07:13 12:00:14,iPhone 11,54.33018888888889,48.39480555555556,182.1250906453952,186.885635359116,1/571,2.4,20,1.54,1.0223123732251522
img_2672.jpg,2022:07:13 09:51:45,iPhone 11,54.30334722222222,48.37818611111111,149.43924431086302,266.61070234113714,1/122,2.4,80,1.54,1.0223123732251522
img_2666.jpg,2022:07:13 09:50:24,iPhone 11,54.3035,48.37813888888889,142.811376146789,268.25311280431146,1/121,2.4,80,1.54,1.0223123732251522
img_1838.jpg,2022:07:12 15:38:17,iPhone 11,54.30289722222222,48.37812777777778,129.5819993959529,329.71922307912024,1/121,2.4,100,1.54,1.0223123732251522
img_1623.jpg,2022:07:07 11:14:39,iPhone 11,54.32953888888889,48.39533333333333,181.77612282309806,338.6572265625,1/773,2.4,20,1.54,1.2352941176470589
img_1637.jpg,2022:07:07 11:47:56,iPhone 11,54.330219444444445,48.39386388888889,182.75575715282625,284.8675842429995,1/122,2.4,64,1.54,1.3795620437956204
img_2458.jpg,2022:07:13 09:04:49,iPhone 11,54.30113333333333,48.37542777777778,122.96237602414834,86.48605341246291,1/122,2.4,25,1.54,1.0223123732251522
img_2470.jpg,2022:07:13 09:06:39,iPhone 11,54.30110833333333,48.37504444444445,125.5217183770883,258.09524537532485,1/406,2.4,20,1.54,1.0223123732251522
img_2316.jpg,2022:07:12 17:51:05,iPhone 11,54.29627222222222,48.37125277777778,120.86636771300448,316.312256049961,1/122,2.4,40,1.54,1.0223123732251522
img_2302.jpg,2022:07:12 17:49:30,iPhone 11,54.29621944444444,48.37132777777778,129.17300572197914,319.92329385222786,1/122,2.4,50,1.54,1.0223123732251522
img_2289.jpg,2022:07:12 17:47:29,iPhone 11,54.29625,48.371205555555555,129.66723783413298,299.20466595970305,1/122,2.4,50,1.54,1.0223123732251522
img_1958.jpg,2022:07:12 16:12:54,iPhone 11,54.30251666666666,48.375458333333334,124.24045467793646,23.434143080008916,1/122,2.4,40,1.54,1.0223123732251522
img_1970.jpg,2022:07:12 16:15:00,iPhone 11,54.30274166666666,48.374916666666664,122.35583464154892,27.53060907395898,1/218,2.4,20,1.54,1.0223123732251522
img_1964.jpg,2022:07:12 16:14:05,iPhone 11,54.302730555555556,48.37495555555556,122.63462873004858,24.894836442281697,1/212,2.4,20,1.54,1.0223123732251522
img_2538.jpg,2022:07:13 09:24:34,iPhone 11,54.30189166666666,48.37477777777778,124.76459268762027,293.26486199575373,1/122,2.4,25,1.54,1.0223123732251522
img_2504.jpg,2022:07:13 09:14:30,iPhone 11,54.30114444444444,48.37470555555556,139.35186576508892,71.17059324439398,1/300,2.4,20,1.54,1.0223123732251522
img_2510.jpg,2022:07:13 09:15:24,iPhone 11,54.301177777777774,48.37470277777778,135.81291759465478,68.1977843825993,1/225,2.4,20,1.54,1.0223123732251522
img_1596.jpg,2022:07:07 11:02:48,iPhone 11,54.329636111111114,48.395469444444444,181.60288560632085,171.06460562822036,1/675,2.4,20,1.54,1.2342857142857142
img_2706.jpg,2022:07:13 09:55:52,iPhone 11,54.303580555555556,48.37827222222222,147.98903932946487,358.26998904709745,1/148,2.4,20,1.54,1.0223123732251522
img_2712.jpg,2022:07:13 09:56:27,iPhone 11,54.303580555555556,48.37821111111111,149.769943019943,2.9403076171875,1/135,2.4,20,1.54,1.0223123732251522
img_2713.jpg,2022:07:13 09:56:40,iPhone 11,54.303599999999996,48.37821944444445,150.11876019575857,1.85565185546875,1/151,2.4,20,1.54,1.0223123732251522
img_2707.jpg,2022:07:13 09:55:57,iPhone 11,54.303580555555556,48.37824166666667,148.45902649414666,357.232421875,1/135,2.4,20,1.54,1.0223123732251522
img_2908.jpg,2022:07:13 12:03:47,iPhone 11,54.33016666666667,48.394327777777775,182.63745471014494,77.6751708428246,1/639,2.4,20,1.54,1.0223123732251522
img_2934.jpg,2022:07:13 12:08:06,iPhone 11,54.33018888888889,48.39444722222222,182.27599388379204,182.15995040297582,1/727,2.4,20,1.54,1.0223123732251522
img_2920.jpg,2022:07:13 12:05:48,iPhone 11,54.33006944444445,48.393877777777774,182.43874278383578,104.06976699734312,1/122,2.4,25,1.54,1.0223123732251522
img_2277.jpg,2022:07:12 17:41:29,iPhone 11,54.297041666666665,48.370377777777776,118.59195859872611,123.62731565564839,1/122,2.4,80,1.54,1.0223123732251522
img_2511.jpg,2022:07:13 09:15:29,iPhone 11,54.30116666666667,48.37473333333333,137.53467377923675,71.42062377072212,1/209,2.4,20,1.54,1.0223123732251522
img_2505.jpg,2022:07:13 09:14:36,iPhone 11,54.30114722222222,48.37471111111111,138.77613320999075,73.20635979541917,1/298,2.4,20,1.54,1.0223123732251522
img_2539.jpg,2022:07:13 09:24:39,iPhone 11,54.30190555555555,48.374741666666665,124.53045013239188,293.60800179815686,1/122,2.4,25,1.54,1.0223123732251522
img_1965.jpg,2022:07:12 16:14:12,iPhone 11,54.30271944444444,48.37495555555556,122.32184353214562,22.050079351084467,1/187,2.4,20,1.54,1.0223123732251522
img_1971.jpg,2022:07:12 16:15:06,iPhone 11,54.302752777777776,48.374919444444444,122.43780607247797,26.921203638908327,1/212,2.4,20,1.54,1.0223123732251522
img_1959.jpg,2022:07:12 16:13:01,iPhone 11,54.30251666666666,48.37545277777778,124.15175458982105,22.30084228515625,1/121,2.4,64,1.54,1.0223123732251522
img_2459.jpg,2022:07:13 09:04:59,iPhone 11,54.30113333333333,48.37541111111111,122.26303724928367,86.61364752086402,1/122,2.4,25,1.54,1.0223123732251522
img_2667.jpg,2022:07:13 09:51:13,iPhone 11,54.30334444444444,48.37813055555556,144.77206946454413,270.3755186721992,1/122,2.4,100,1.54,1.0223123732251522
img_2673.jpg,2022:07:13 09:51:51,iPhone 11,54.30336388888889,48.3782,149.594489883771,263.94442748091603,1/122,2.4,50,1.54,1.0223123732251522
img_2883.jpg,2022:07:13 12:00:18,iPhone 11,54.33018611111112,48.394783333333336,182.41710851891128,180.03127272727272,1/675,2.4,20,1.54,1.0223123732251522
img_2897.jpg,2022:07:13 12:02:11,iPhone 11,54.33014166666667,48.39468055555555,182.51409289400556,181.67994687915007,1/452,2.4,20,1.54,1.0223123732251522
img_2659.jpg,2022:07:13 09:49:29,iPhone 11,54.303438888888884,48.37804444444445,145.28687635574838,266.39968895800934,1/122,2.4,32,1.54,1.0223123732251522
img_2881.jpg,2022:07:13 12:00:08,iPhone 11,54.330197222222225,48.39479722222222,182.1627953544253,185.32492836676218,1/631,2.4,20,1.54,1.0223123732251522
img_2895.jpg,2022:07:13 12:01:45,iPhone 11,54.33016944444445,48.3947,182.58854559155992,182.09770964166975,1/607,2.4,20,1.54,1.0223123732251522
img_2665.jpg,2022:07:13 09:50:17,iPhone 11,54.30349444444444,48.378169444444445,143.8964274008522,261.3776091081594,1/121,2.4,80,1.54,1.0223123732251522
img_2671.jpg,2022:07:13 09:51:36,iPhone 11,54.30334722222222,48.37815833333333,146.68485506123082,265.7443541102078,1/122,2.4,80,1.54,1.0223123732251522
img_1634.jpg,2022:07:07 11:47:19,iPhone 11,54.330177777777784,48.39383055555555,182.4135687732342,277.4668576104746,1/122,2.4,50,1.54,1.3795620437956204
img_1620.jpg,2022:07:07 11:13:16,iPhone 11,54.32953333333334,48.39533888888889,181.8096175478065,340.16085790884716,1/1838,1.8,32,4.25,
img_2301.jpg,2022:07:12 17:49:26,iPhone 11,54.29620277777778,48.37136111111111,129.96109123434704,316.47738646020207,1/122,2.4,50,1.54,1.0223123732251522
img_1608.jpg,2022:07:07 11:08:36,iPhone 11,54.32944444444445,48.39528611111111,182.13760718660677,179.39212036606173,1/195,2.4,20,1.54,1.305699481865285
img_1967.jpg,2022:07:12 16:14:25,iPhone 11,54.302699999999994,48.37495555555556,122.06444318824194,29.137237569060773,1/236,2.4,20,1.54,1.0223123732251522
img_1973.jpg,2022:07:12 16:15:18,iPhone 11,54.30274166666666,48.374941666666665,122.32613458528951,24.31549072265625,1/227,2.4,20,1.54,1.0223123732251522
img_2275.jpg,2022:07:12 17:41:01,iPhone 11,54.29707222222222,48.37040277777778,121.65703422053232,117.95339954163484,1/121,2.4,100,1.54,1.0223123732251522
img_2261.jpg,2022:07:12 17:28:18,iPhone 11,54.297641666666664,48.37105555555556,114.09809339596573,32.721649169921875,1/122,2.4,125,1.54,1.0223123732251522
img_2507.jpg,2022:07:13 09:14:53,iPhone 11,54.30115833333333,48.374722222222225,136.26777777777778,69.85119632907244,1/329,2.4,20,1.54,1.0223123732251522
img_2739.jpg,2022:07:13 10:15:12,iPhone 11,54.304966666666665,48.376044444444446,131.8037258815702,347.02996845425866,1/675,2.4,20,1.54,1.0595655220742817
img_2705.jpg,2022:07:13 09:55:48,iPhone 11,54.303580555555556,48.37833055555556,148.26332574031892,0.648223876953125,1/133,2.4,20,1.54,1.0223123732251522
img_2704.jpg,2022:07:13 09:55:43,iPhone 11,54.30356944444444,48.378302777777776,148.18967540086038,1.173583984375,1/122,2.4,20,1.54,1.0223123732251522
img_2937.jpg,2022:07:13 12:08:27,iPhone 11,54.33018055555556,48.39445,182.62254443405052,192.706932052162,1/372,2.4,20,1.54,1.0223123732251522
img_2260.jpg,2022:07:12 17:28:11,iPhone 11,54.29763055555556,48.37103333333334,114.11281224818694,34.71597289448209,1/122,2.4,125,1.54,1.0223123732251522
img_2512.jpg,2022:07:13 09:15:35,iPhone 11,54.30115833333333,48.374725,138.10062071218556,65.25234984865382,1/227,2.4,20,1.54,1.0223123732251522
img_1966.jpg,2022:07:12 16:14:18,iPhone 11,54.302702777777775,48.37495833333333,122.26571920757968,23.76266481609993,1/202,2.4,20,1.54,1.0223123732251522
img_2300.jpg,2022:07:12 17:49:20,iPhone 11,54.29618055555555,48.371383333333334,130.0475276044167,319.44326777609683,1/122,2.4,40,1.54,1.0223123732251522
img_1621.jpg,2022:07:07 11:13:32,iPhone 11,54.32954444444445,48.39533333333333,181.1666095303394,337.9388885469875,1/1808,1.8,32,4.25,
img_1635.jpg,2022:07:07 11:47:31,iPhone 11,54.33018888888889,48.39384166666667,182.46754807692307,276.91647331786544,1/122,2.4,50,1.54,1.3795620437956204
img_2664.jpg,2022:07:13 09:50:11,iPhone 11,54.30348333333333,48.3781,144.64478371501272,267.87757847533635,1/121,2.4,64,1.54,1.0223123732251522
img_2894.jpg,2022:07:13 12:01:40,iPhone 11,54.33018055555556,48.39470277777778,182.41954208319896,182.65147386673272,1/551,2.4,20,1.54,1.0223123732251522
img_2658.jpg,2022:07:13 09:49:22,iPhone 11,54.30343611111111,48.37801388888889,145.0950700216327,265.66603089834064,1/122,2.4,40,1.54,1.0223123732251522
img_2857.jpg,2022:07:13 11:54:29,iPhone 11,54.32958333333334,48.39543611111111,181.18549747048903,346.00735474380974,1/122,2.4,25,1.54,1.0223123732251522
img_2682.jpg,2022:07:13 09:53:21,iPhone 11,54.30357222222222,48.378230555555554,151.29040355280944,356.1773073106186,1/122,2.4,20,1.54,1.0223123732251522
img_2866.jpg,2022:07:13 11:58:10,iPhone 11,54.33018611111112,48.394930555555554,182.43111366245694,79.86294556507322,1/436,2.4,20,1.54,1.0223123732251522
img_2872.jpg,2022:07:13 11:58:53,iPhone 11,54.330200000000005,48.394816666666664,182.20742753623188,88.28723141516424,1/533,2.4,20,1.54,1.0223123732251522
img_2899.jpg,2022:07:13 12:02:29,iPhone 11,54.33014722222222,48.39465833333333,182.31610169491526,185.42568203198496,1/396,2.4,20,1.54,1.0223123732251522
img_2669.jpg,2022:07:13 09:51:26,iPhone 11,54.30333611111111,48.37812777777778,145.43144329896907,264.46656804733726,1/121,2.4,80,1.54,1.0223123732251522
img_1837.jpg,2022:07:12 15:38:09,iPhone 11,54.30287222222222,48.37806944444444,129.5075148549458,331.1284023668639,1/121,2.4,125,1.54,1.0223123732251522
img_2480.jpg,2022:07:13 09:11:24,iPhone 11,54.30114722222222,48.37464444444444,137.31100342075257,76.03332516540064,1/452,2.4,20,1.54,1.0223123732251522
img_2494.jpg,2022:07:13 09:13:13,iPhone 11,54.30108611111111,48.37466388888889,135.45292066259807,81.1005859375,1/284,2.4,20,1.54,1.0223123732251522
img_2443.jpg,2022:07:13 09:01:07,iPhone 11,54.30173055555555,48.37618888888889,125.48596881959911,184.40840929138488,1/122,2.4,50,1.54,1.0223123732251522
img_2331.jpg,2022:07:12 17:52:40,iPhone 11,54.29625,48.371186111111115,126.40779308028216,299.6234281932495,1/122,2.4,25,1.54,1.0223123732251522
img_2319.jpg,2022:07:12 17:51:27,iPhone 11,54.29628333333333,48.37125277777778,124.96418790815251,296.8249818445897,1/122,2.4,50,1.54,1.0223123732251522
img_1980.jpg,2022:07:12 16:19:26,iPhone 11,54.30191666666666,48.374716666666664,121.49508641138597,123.10263823635707,1/122,2.4,25,1.54,1.0223123732251522
img_1994.jpg,2022:07:12 16:21:14,iPhone 11,54.30196111111111,48.37471388888889,121.3533434650456,120.38149815800246,1/122,2.4,25,1.54,1.0223123732251522
img_2912.jpg,2022:07:13 12:04:10,iPhone 11,54.33016666666667,48.39429166666667,182.72280508006625,100.19059561128526,1/695,2.4,20,1.54,1.0223123732251522
img_2735.jpg,2022:07:13 10:14:46,iPhone 11,54.30498055555555,48.376,130.668071950534,347.6588132635253,1/494,2.4,20,1.54,1.0595655220742817
img_2721.jpg,2022:07:13 09:57:39,iPhone 11,54.30361944444444,48.378230555555554,153.62880411487356,348.09533678756475,1/122,2.4,32,1.54,1.0223123732251522
img_2709.jpg,2022:07:13 09:56:09,iPhone 11,54.30358888888889,48.37824166666667,149.59009104382807,0.02056884765625,1/131,2.4,20,1.54,1.0223123732251522
img_2708.jpg,2022:07:13 09:56:03,iPhone 11,54.30358888888889,48.37822222222222,148.5449662369552,2.587432861328125,1/166,2.4,20,1.54,1.0223123732251522
img_2913.jpg,2022:07:13 12:04:19,iPhone 11,54.33016944444445,48.39432222222222,182.6668410041841,100.79411123227918,1/657,2.4,20,1.54,1.0223123732251522
img_2278.jpg,2022:07:12 17:41:42,iPhone 11,54.29704722222222,48.37039166666667,118.32547699214366,115.9684333593141,1/122,2.4,80,1.54,1.0223123732251522
img_2536.jpg,2022:07:13 09:24:21,iPhone 11,54.30188888888889,48.37479444444445,124.11692429647245,285.8620302860348,1/122,2.4,25,1.54,1.0223123732251522
img_2287.jpg,2022:07:12 17:46:56,iPhone 11,54.29626388888889,48.37119722222222,125.7720823798627,297.8523560209424,1/122,2.4,40,1.54,1.0223123732251522
img_1605.jpg,2022:07:07 11:07:37,iPhone 11,54.32945277777778,48.395291666666665,182.37524687294274,175.05442804428046,1/183,2.4,20,1.54,1.2868085106382978
img_2330.jpg,2022:07:12 17:52:33,iPhone 11,54.29624166666667,48.37119722222222,125.35906271536871,294.9779816513761,1/122,2.4,25,1.54,1.0223123732251522
img_2442.jpg,2022:07:13 09:00:43,iPhone 11,54.30169166666666,48.37634166666667,127.10391624660721,198.11891938103787,1/122,2.4,25,1.54,1.0223123732251522
img_2495.jpg,2022:07:13 09:13:20,iPhone 11,54.301088888888884,48.37467222222222,135.78982434887948,85.55630498533725,1/254,2.4,20,1.54,1.0223123732251522
img_1822.jpg,2022:07:12 15:36:02,iPhone 11,54.30285277777777,48.378166666666665,129.40826655419653,336.07463080168776,1/129,2.4,20,1.54,1.0223123732251522
img_2654.jpg,2022:07:13 09:48:47,iPhone 11,54.303438888888884,48.378147222222225,143.8223880597015,273.04359430604984,1/122,2.4,40,1.54,1.0223123732251522
img_2867.jpg,2022:07:13 11:58:15,iPhone 11,54.330172222222224,48.39491666666667,182.19144144144144,71.0625,1/432,2.4,20,1.54,1.0223123732251522
img_2683.jpg,2022:07:13 09:53:29,iPhone 11,54.30356666666666,48.37826111111111,150.80805295091008,359.72250316055624,1/156,2.4,20,1.54,1.0223123732251522
img_2681.jpg,2022:07:13 09:53:15,iPhone 11,54.303549999999994,48.37826944444444,150.98584474885845,2.90789794921875,1/143,2.4,20,1.54,1.0223123732251522
img_2656.jpg,2022:07:13 09:48:59,iPhone 11,54.30345555555555,48.378166666666665,144.44060370009737,265.508316008316,1/122,2.4,32,1.54,1.0223123732251522
img_2642.jpg,2022:07:13 09:47:16,iPhone 11,54.30325,48.378077777777776,142.15569143932268,100.57629296498554,1/121,2.4,125,1.54,1.0223123732251522
img_1820.jpg,2022:07:12 15:35:50,iPhone 11,54.302836111111105,48.378191666666666,129.6286197421264,315.783203125,1/174,2.4,20,1.54,1.0223123732251522
img_1834.jpg,2022:07:12 15:37:43,iPhone 11,54.30285,48.378119444444444,129.36081017428168,333.75172413793103,1/121,2.4,160,1.54,1.0223123732251522
img_2332.jpg,2022:07:12 17:52:47,iPhone 11,54.29623888888889,48.37119166666667,126.39629517157607,296.246261682243,1/122,2.4,25,1.54,1.0223123732251522
img_2454.jpg,2022:07:13 09:04:19,iPhone 11,54.30116388888889,48.37541944444445,123.51764658698966,95.82775781034006,1/122,2.4,40,1.54,1.0223123732251522
img_2440.jpg,2022:07:13 09:00:08,iPhone 11,54.30170833333333,48.376330555555555,126.96440972222223,195.04192355117138,1/122,2.4,25,1.54,1.0223123732251522
img_1607.jpg,2022:07:07 11:08:16,iPhone 11,54.32946666666667,48.39525277777778,182.1022840119166,178.3209534368071,1/225,2.4,20,1.54,1.305699481865285
img_2468.jpg,2022:07:13 09:06:22,iPhone 11,54.30113333333333,48.375080555555556,124.38058659217877,255.9074248120301,1/428,2.4,20,1.54,1.0223123732251522
img_1613.jpg,2022:07:07 11:10:28,iPhone 11,54.32945,48.39525277777778,181.7538779731127,176.38619979402677,1/193,2.4,20,1.54,1.2383292383292384
img_2285.jpg,2022:07:12 17:46:44,iPhone 11,54.29622777777777,48.37116666666667,122.15968732551647,298.5844115834874,1/122,2.4,64,1.54,1.0223123732251522
img_2291.jpg,2022:07:12 17:47:55,iPhone 11,54.29626944444444,48.371186111111115,129.34238076773943,297.6131133304386,1/122,2.4,50,1.54,1.0223123732251522
img_1968.jpg,2022:07:12 16:14:32,iPhone 11,54.30266944444444,48.37495,122.2786944045911,33.6136474609375,1/213,2.4,20,1.54,1.0223123732251522
img_2520.jpg,2022:07:13 09:20:14,iPhone 11,54.30157222222222,48.374880555555556,138.26903400541678,84.46417225555948,1/122,2.4,32,1.54,1.0223123732251522
img_1983.jpg,2022:07:12 16:19:42,iPhone 11,54.30191666666666,48.37470555555556,121.46887860082305,112.83830645161291,1/122,2.4,25,1.54,1.0223123732251522
img_2939.jpg,2022:07:13 12:08:42,iPhone 11,54.33018055555556,48.39445555555555,182.3968731208659,185.76457975986278,1/461,2.4,20,1.54,1.0223123732251522
img_2905.jpg,2022:07:13 12:03:32,iPhone 11,54.33021111111111,48.39434722222222,182.79471632741448,95.98225214198287,1/457,2.4,20,1.54,1.0223123732251522
img_2911.jpg,2022:07:13 12:04:04,iPhone 11,54.33016111111112,48.394283333333334,182.51037938439512,94.27442748091603,1/737,2.4,20,1.54,1.0223123732251522
img_2737.jpg,2022:07:13 10:14:59,iPhone 11,54.304961111111105,48.37601388888889,130.5380910683012,343.33129904097643,1/695,2.4,20,1.54,1.0595655220742817
img_2723.jpg,2022:07:13 09:57:50,iPhone 11,54.30362777777778,48.37822222222222,152.80194845233692,350.077392578125,1/122,2.4,32,1.54,1.0223123732251522
img_2904.jpg,2022:07:13 12:03:25,iPhone 11,54.33020833333334,48.39431388888889,182.48360681162566,95.10258302583026,1/484,2.4,20,1.54,1.0223123732251522
img_2535.jpg,2022:07:13 09:24:15,iPhone 11,54.30186388888889,48.37479444444445,123.2985440195945,282.60762032085563,1/122,2.4,20,1.54,1.0223123732251522
img_1996.jpg,2022:07:12 16:21:27,iPhone 11,54.301925,48.374775,121.5663500678426,120.87080394922425,1/122,2.4,25,1.54,1.0223123732251522
img_2290.jpg,2022:07:12 17:47:44,iPhone 11,54.29623888888889,48.37119166666667,128.92797237296497,299.83280955373976,1/122,2.4,50,1.54,1.0223123732251522
img_1612.jpg,2022:07:07 11:10:07,iPhone 11,54.32947222222223,48.395247222222224,181.77514182568333,184.1874541452678,1/247,2.4,20,1.54,1.2383292383292384
img_1606.jpg,2022:07:07 11:08:00,iPhone 11,54.32944444444445,48.395291666666665,182.07699486700886,177.2662962962963,1/219,2.4,20,1.54,1.305699481865285
img_2469.jpg,2022:07:13 09:06:28,iPhone 11,54.301125,48.375083333333336,124.79573043114274,257.877624475105,1/375,2.4,20,1.54,1.0223123732251522
img_2327.jpg,2022:07:12 17:52:16,iPhone 11,54.296305555555556,48.37118888888889,125.05757949984563,300.3323823109843,1/122,2.4,32,1.54,1.0223123732251522
img_2333.jpg,2022:07:12 17:52:55,iPhone 11,54.29624166666667,48.371180555555554,126.80218579234973,299.2381284916201,1/122,2.4,32,1.54,1.0223123732251522
img_2455.jpg,2022:07:13 09:04:27,iPhone 11,54.30114444444444,48.375436111111114,123.54708486531102,89.35946649316851,1/122,2.4,32,1.54,1.0223123732251522
img_1835.jpg,2022:07:12 15:37:51,iPhone 11,54.302861111111106,48.3781,129.35528391167193,339.4769746022886,1/121,2.4,125,1.54,1.0223123732251522
img_2643.jpg,2022:07:13 09:47:22,iPhone 11,54.303261111111105,48.37806388888889,141.77865448504983,95.82119658119659,1/121,2.4,100,1.54,1.0223123732251522
img_2657.jpg,2022:07:13 09:49:09,iPhone 11,54.30345555555555,48.378147222222225,143.9654144305307,263.61791967044286,1/122,2.4,32,1.54,1.0223123732251522
img_2870.jpg,2022:07:13 11:58:31,iPhone 11,54.33019166666667,48.39490555555555,182.2094637223975,70.28115847705826,1/461,2.4,20,1.54,1.0223123732251522
img_2858.jpg,2022:07:13 11:54:35,iPhone 11,54.32958333333334,48.395425,181.2068829113924,349.15209988649264,1/122,2.4,25,1.54,1.0223123732251522
img_2694.jpg,2022:07:13 09:54:37,iPhone 11,54.30351944444444,48.37821666666667,150.8203427307905,0.2923583984375,1/189,2.4,20,1.54,1.0223123732251522
img_2874.jpg,2022:07:13 11:59:12,iPhone 11,54.33016111111112,48.394866666666665,182.22665210267613,75.72930903568717,1/571,2.4,20,1.54,1.0223123732251522
img_2860.jpg,2022:07:13 11:57:25,iPhone 11,54.330222222222226,48.39485833333333,182.31485355648536,85.70449826989619,1/384,2.4,20,1.54,1.0223123732251522
img_2690.jpg,2022:07:13 09:54:11,iPhone 11,54.30356944444444,48.37820833333333,152.69999914238915,0.657928466796875,1/168,2.4,20,1.54,1.0223123732251522
img_2684.jpg,2022:07:13 09:53:35,iPhone 11,54.303577777777775,48.37823888888889,150.99878817256422,359.8327330932373,1/161,2.4,20,1.54,1.0223123732251522
img_2492.jpg,2022:07:13 09:13:00,iPhone 11,54.301113888888885,48.37466111111111,135.24225575853853,84.0849609375,1/289,2.4,20,1.54,1.0223123732251522
img_1831.jpg,2022:07:12 15:37:12,iPhone 11,54.30285555555555,48.378166666666665,129.64533408514237,338.2057953873448,1/182,2.4,20,1.54,1.0223123732251522
img_1616.jpg,2022:07:07 11:12:17,iPhone 11,54.32955277777778,48.39534444444445,180.9992363497518,334.32308970099666,1/1866,1.8,32,4.25,
img_2451.jpg,2022:07:13 09:03:46,iPhone 11,54.30115,48.37538611111111,123.52871250914411,91.05245876006568,1/122,2.4,50,1.54,1.0223123732251522
img_2445.jpg,2022:07:13 09:01:24,iPhone 11,54.30175833333333,48.37623333333333,123.9675310984609,181.4534682080925,1/122,2.4,50,1.54,1.0223123732251522
img_1979.jpg,2022:07:12 16:18:49,iPhone 11,54.30193611111111,48.37507222222222,122.4593607305936,24.03045654296875,1/122,2.4,32,1.54,1.0223123732251522
img_1951.jpg,2022:07:12 16:11:44,iPhone 11,54.302502777777775,48.37546666666667,124.2422641509434,21.217254628012576,1/122,2.4,32,1.54,1.0223123732251522
img_2280.jpg,2022:07:12 17:42:02,iPhone 11,54.29706944444444,48.37039444444444,120.84941197276505,121.19000248694354,1/121,2.4,100,1.54,1.0223123732251522
img_2294.jpg,2022:07:12 17:48:13,iPhone 11,54.296252777777774,48.371161111111114,129.16901408450704,296.9654390934844,1/122,2.4,80,1.54,1.0223123732251522
img_1945.jpg,2022:07:12 16:11:05,iPhone 11,54.30246666666666,48.37547222222222,124.12183374955404,6.6837158203125,1/122,2.4,64,1.54,1.0223123732251522
img_2519.jpg,2022:07:13 09:20:08,iPhone 11,54.30158611111111,48.37482777777778,135.06186548223351,82.73742672014811,1/122,2.4,25,1.54,1.0223123732251522
img_1992.jpg,2022:07:12 16:20:59,iPhone 11,54.30193055555555,48.37464444444444,121.00298088725232,118.01299665800222,1/122,2.4,20,1.54,1.0223123732251522
img_2928.jpg,2022:07:13 12:06:39,iPhone 11,54.33000555555556,48.39391666666667,182.41192560175054,108.59152612093789,1/122,2.4,32,1.54,1.0223123732251522
img_2732.jpg,2022:07:13 10:14:23,iPhone 11,54.30501944444444,48.376,130.26798049573344,351.411498973306,1/470,2.4,20,1.54,1.0595655220742817
img_2915.jpg,2022:07:13 12:04:31,iPhone 11,54.33016944444445,48.39432222222222,182.5583855799373,101.47065548780488,1/695,2.4,20,1.54,1.0223123732251522
img_2901.jpg,2022:07:13 12:02:40,iPhone 11,54.330172222222224,48.394675,182.236508994004,178.5742340926944,1/282,2.4,20,1.54,1.0223123732251522
img_2256.jpg,2022:07:12 17:27:48,iPhone 11,54.29763333333333,48.371047222222224,111.83918669131238,36.58734128510966,1/122,2.4,100,1.54,1.0223123732251522
img_2295.jpg,2022:07:12 17:48:19,iPhone 11,54.29620833333333,48.371158333333334,129.25488232348522,291.1549835706462,1/122,2.4,80,1.54,1.0223123732251522
img_1950.jpg,2022:07:12 16:11:37,iPhone 11,54.30249722222222,48.37547222222222,124.05499219968799,18.391693106432072,1/122,2.4,32,1.54,1.0223123732251522
img_2322.jpg,2022:07:12 17:51:43,iPhone 11,54.29623055555555,48.371227777777776,124.98554507127083,297.08493031358887,1/122,2.4,50,1.54,1.0223123732251522
img_2450.jpg,2022:07:13 09:03:39,iPhone 11,54.30116388888889,48.37533055555556,123.0441135925007,92.95138461538461,1/122,2.4,50,1.54,1.0223123732251522
img_2336.jpg,2022:07:12 17:53:23,iPhone 11,54.29615,48.37142222222222,125.96769509981851,18.2265625,1/121,2.4,64,1.54,1.0223123732251522
img_1603.jpg,2022:07:07 11:06:54,iPhone 11,54.32944444444445,48.395336111111114,181.74959283387622,177.66459656115308,1/122,2.4,20,1.54,1.261050875729775
img_2487.jpg,2022:07:13 09:12:26,iPhone 11,54.30113333333333,48.37465,137.69970703125,81.81634527089072,1/421,2.4,20,1.54,1.0223123732251522
img_1824.jpg,2022:07:12 15:36:18,iPhone 11,54.30285277777777,48.37816111111111,129.56962203175496,329.50785854616896,1/135,2.4,20,1.54,1.0223123732251522
img_1818.jpg,2022:07:12 15:35:29,iPhone 11,54.30281111111111,48.37817777777778,129.31475667189952,323.53620894341117,1/150,2.4,20,1.54,1.0223123732251522
img_2646.jpg,2022:07:13 09:47:45,iPhone 11,54.30320277777778,48.378052777777775,143.99022164276403,97.26617324561404,1/122,2.4,100,1.54,1.0223123732251522
img_2691.jpg,2022:07:13 09:54:17,iPhone 11,54.303555555555555,48.37822777777778,152.17865853658537,4.8965148885031375,1/165,2.4,20,1.54,1.0223123732251522
img_2861.jpg,2022:07:13 11:57:35,iPhone 11,54.33019166666667,48.39488333333333,182.3664314516129,90.33750728013977,1/358,2.4,20,1.54,1.0223123732251522
img_2863.jpg,2022:07:13 11:57:53,iPhone 11,54.330222222222226,48.394925,182.25095471903984,92.10850327048865,1/361,2.4,20,1.54,1.0223123732251522
img_2650.jpg,2022:07:13 09:48:23,iPhone 11,54.30336666666666,48.37817777777778,145.22881193801416,273.36572265625,1/121,2.4,64,1.54,1.0223123732251522
img_2485.jpg,2022:07:13 09:12:02,iPhone 11,54.301113888888885,48.37468055555556,137.5306983883346,79.19290165266865,1/311,2.4,20,1.54,1.0223123732251522
img_1832.jpg,2022:07:12 15:37:20,iPhone 11,54.30285555555555,48.37817777777778,129.26188760806917,336.2117612977984,1/178,2.4,20,1.54,1.0223123732251522
img_1615.jpg,2022:07:07 11:12:05,iPhone 11,54.329569444444445,48.39550277777778,180.88124810663436,338.9821472242602,1/1898,1.8,32,4.25,
img_1601.jpg,2022:07:07 11:06:29,iPhone 11,54.329433333333334,48.39530833333333,181.61460010735374,181.07705677867904,1/193,2.4,20,1.54,1.261050875729775
img_2308.jpg,2022:07:12 17:50:03,iPhone 11,54.296188888888885,48.37131388888889,124.87955570982298,314.2838589981447,1/122,2.4,32,1.54,1.0223123732251522
img_2320.jpg,2022:07:12 17:51:32,iPhone 11,54.29629166666666,48.37124722222222,124.80950584685024,298.1712342079689,1/122,2.4,64,1.54,1.0223123732251522
img_2452.jpg,2022:07:13 09:03:55,iPhone 11,54.30114722222222,48.3754,123.67370517928286,98.9464406779661,1/122,2.4,50,1.54,1.0223123732251522
img_2297.jpg,2022:07:12 17:48:32,iPhone 11,54.29621944444444,48.37117777777778,134.39808238636363,294.28428650749584,1/122,2.4,50,1.54,1.0223123732251522
img_2268.jpg,2022:07:12 17:40:23,iPhone 11,54.29705833333333,48.37043055555556,122.2567940133911,122.4715920497892,1/121,2.4,100,1.54,1.0223123732251522
img_1985.jpg,2022:07:12 16:19:55,iPhone 11,54.301944444444445,48.374716666666664,121.26613657623948,117.359565807327,1/122,2.4,25,1.54,1.0223123732251522
img_2254.jpg,2022:07:12 17:27:37,iPhone 11,54.29765,48.37102222222222,112.1073793755913,33.24838255977497,1/122,2.4,100,1.54,1.0223123732251522
img_1991.jpg,2022:07:12 16:20:50,iPhone 11,54.301925,48.374608333333335,120.84002293577981,120.99656104151315,1/122,2.4,25,1.54,1.0223123732251522
img_2903.jpg,2022:07:13 12:03:19,iPhone 11,54.33021666666667,48.394280555555554,182.2142184557439,93.413496051687,1/403,2.4,20,1.54,1.0223123732251522
img_2730.jpg,2022:07:13 10:14:07,iPhone 11,54.30501111111111,48.376,129.65376435559335,342.1417697431018,1/457,2.4,20,1.54,1.0595655220742817
img_2725.jpg,2022:07:13 10:13:33,iPhone 11,54.30492777777778,48.375991666666664,128.27029438001784,352.89080814312155,1/484,2.4,20,1.54,1.0595655220742817
img_2902.jpg,2022:07:13 12:02:45,iPhone 11,54.33016666666667,48.394688888888886,182.23431372549018,200.711654589372,1/268,2.4,20,1.54,1.0223123732251522
img_2916.jpg,2022:07:13 12:04:39,iPhone 11,54.33016666666667,48.394333333333336,182.47304236200256,92.16404535479151,1/639,2.4,20,1.54,1.0223123732251522
img_2527.jpg,2022:07:13 09:21:18,iPhone 11,54.30158611111111,48.37489722222222,130.24834070796462,104.79471397538016,1/167,2.4,20,1.54,1.0223123732251522
img_2533.jpg,2022:07:13 09:22:26,iPhone 11,54.30161388888889,48.37488888888889,121.49023746701847,106.6314620995877,1/164,2.4,20,1.54,1.0223123732251522
img_2255.jpg,2022:07:12 17:27:42,iPhone 11,54.29763888888888,48.371027777777776,112.21739601386481,34.44659422210442,1/122,2.4,100,1.54,1.0223123732251522
img_1984.jpg,2022:07:12 16:19:47,iPhone 11,54.30193611111111,48.37469166666667,121.35510965935605,110.6748275862069,1/122,2.4,25,1.54,1.0223123732251522
img_2269.jpg,2022:07:12 17:40:28,iPhone 11,54.297066666666666,48.37043055555556,122.34305859469973,118.66886902448503,1/122,2.4,100,1.54,1.0223123732251522
img_2282.jpg,2022:07:12 17:46:19,iPhone 11,54.29606944444444,48.37124166666667,112.50456822870616,300.00433369447455,1/121,2.4,64,1.54,1.0223123732251522
img_2296.jpg,2022:07:12 17:48:25,iPhone 11,54.29617777777778,48.371158333333334,130.33325952170063,298.02409362092703,1/122,2.4,50,1.54,1.0223123732251522
img_2453.jpg,2022:07:13 09:04:04,iPhone 11,54.30114722222222,48.37537777777778,123.71582163875057,94.45431418274327,1/122,2.4,40,1.54,1.0223123732251522
img_2321.jpg,2022:07:12 17:51:38,iPhone 11,54.296258333333334,48.371227777777776,124.97425934919865,298.37733446519525,1/122,2.4,64,1.54,1.0223123732251522
img_1628.jpg,2022:07:07 11:45:55,iPhone 11,54.330311111111115,48.39383055555555,182.65892291446673,274.1142730102268,1/122,2.4,64,1.54,1.3795620437956204
img_2309.jpg,2022:07:12 17:50:14,iPhone 11,54.29624166666667,48.371272222222224,122.81021276595744,320.4103547459252,1/122,2.4,32,1.54,1.0223123732251522
img_1600.jpg,2022:07:07 11:05:18,iPhone 11,54.32944166666667,48.39536388888889,181.62572989263515,173.65003958828186,1/309,2.4,20,1.54,1.261050875729775
img_1827.jpg,2022:07:12 15:36:44,iPhone 11,54.302836111111105,48.37812777777778,129.26172997127355,334.0400390625,1/154,2.4,20,1.54,1.0223123732251522
img_2490.jpg,2022:07:13 09:12:48,iPhone 11,54.301113888888885,48.3747,136.24394844388556,81.75454712474738,1/279,2.4,20,1.54,1.0223123732251522
img_2484.jpg,2022:07:13 09:11:54,iPhone 11,54.30110833333333,48.37466388888889,136.80771979985704,73.76263440860215,1/378,2.4,20,1.54,1.0223123732251522
img_2651.jpg,2022:07:13 09:48:28,iPhone 11,54.30341388888888,48.37812777777778,143.29354155637904,265.87120041215866,1/122,2.4,64,1.54,1.0223123732251522
img_2645.jpg,2022:07:13 09:47:37,iPhone 11,54.30322222222222,48.378077777777776,143.0792772861357,95.29818628957885,1/122,2.4,80,1.54,1.0223123732251522
img_2686.jpg,2022:07:13 09:53:47,iPhone 11,54.30358888888889,48.37826944444444,154.49446040213377,8.033447265625,1/143,2.4,20,1.54,1.0223123732251522
img_2876.jpg,2022:07:13 11:59:36,iPhone 11,54.33020277777778,48.39487777777778,182.35819562304602,72.53768924302788,1/761,2.4,20,1.54,1.0223123732251522
img_2862.jpg,2022:07:13 11:57:44,iPhone 11,54.33020277777778,48.39488611111111,182.26607387140902,90.59425158641284,1/358,2.4,20,1.54,1.0223123732251522
img_2636.jpg,2022:07:13 09:45:44,iPhone 11,54.30323333333333,48.37828888888889,135.40489044140998,104.11872,1/143,2.4,20,1.54,1.0223123732251522
img_1854.jpg,2022:07:12 15:44:43,iPhone 11,54.30197222222222,48.376422222222224,125.59260700389105,180.32868959512408,1/122,2.4,20,1.54,1.0223123732251522
img_2385.jpg,2022:07:13 08:47:56,iPhone 11,54.30277222222222,48.37625,131.82515212981744,112.7296142578125,1/122,2.4,25,1.54,1.0223123732251522
img_2420.jpg,2022:07:13 08:57:36,iPhone 11,54.302074999999995,48.37648055555555,147.0433618843683,180.3246537396122,1/122,2.4,25,1.54,1.0223123732251522
img_1883.jpg,2022:07:12 15:50:31,iPhone 11,54.30173055555555,48.37589166666667,123.73974415527128,264.8267363704257,1/174,2.4,20,1.54,1.0223123732251522
img_2352.jpg,2022:07:13 08:42:40,iPhone 11,54.302611111111105,48.37629722222222,138.51439037153324,108.65739621120515,1/122,2.4,40,1.54,1.0223123732251522
img_2434.jpg,2022:07:13 08:59:21,iPhone 11,54.30163888888889,48.376308333333334,134.8737137511693,184.66167460857727,1/122,2.4,32,1.54,1.0223123732251522
img_1673.jpg,2022:07:07 17:08:27,iPhone 11,54.33003888888889,48.394038888888886,182.424016563147,184.65768421052633,1/121,2.4,64,1.54,1.237315875613748
img_1667.jpg,2022:07:07 11:57:10,iPhone 11,54.33021111111111,48.39423333333333,181.69851485148516,82.35696413678065,1/716,2.4,20,1.54,1.3795620437956204
img_2408.jpg,2022:07:13 08:53:17,iPhone 11,54.30243055555555,48.37811388888889,138.08687132593076,94.05721949038892,1/122,2.4,40,1.54,1.0223123732251522
img_2597.jpg,2022:07:13 09:37:41,iPhone 11,54.30256388888888,48.375794444444445,132.83950843727072,99.01269438273565,1/122,2.4,40,1.54,1.0223123732251522
img_2583.jpg,2022:07:13 09:32:27,iPhone 11,54.30240277777777,48.37524444444445,130.02176,209.83515910276475,1/125,2.4,20,1.54,1.0223123732251522
img_2554.jpg,2022:07:13 09:27:54,iPhone 11,54.302524999999996,48.37549166666667,128.50008467400508,22.14398193359375,1/122,2.4,40,1.54,1.0223123732251522
img_2568.jpg,2022:07:13 09:30:41,iPhone 11,54.30239444444444,48.375255555555555,127.20502682857949,204.67158495954308,1/122,2.4,25,1.54,1.0223123732251522
img_1707.jpg,2022:07:07 17:18:01,iPhone 11,54.32958888888889,48.39281388888889,181.65084798506302,105.07105064247921,1/1020,2.4,20,1.54,1.237315875613748
img_1713.jpg,2022:07:07 17:19:33,iPhone 11,54.32971666666667,48.39275,182.07844990548205,78.3428345209818,1/1065,2.4,20,1.54,1.237315875613748
img_2795.jpg,2022:07:13 10:25:22,iPhone 11,54.30491388888888,48.374919444444444,138.17848324514992,266.6566164154104,1/169,2.4,20,1.54,1.0223123732251522
img_2030.jpg,2022:07:12 16:37:04,iPhone 11,54.300124999999994,48.37600833333333,121.25602111514351,351.9246519246519,1/122,2.4,25,1.54,1.0223123732251522
img_2742.jpg,2022:07:13 10:15:39,iPhone 11,54.30495,48.376,133.01815541031226,343.7860411899313,1/675,2.4,20,1.54,1.0595655220742817
img_2018.jpg,2022:07:12 16:27:15,iPhone 11,54.30118611111111,48.374775,120.90882718607543,260.93409742120343,1/122,2.4,20,1.54,1.0223123732251522
img_2743.jpg,2022:07:13 10:15:48,iPhone 11,54.30494722222222,48.375991666666664,133.04172932330826,345.5343777197563,1/510,2.4,20,1.54,1.0595655220742817
img_2025.jpg,2022:07:12 16:36:15,iPhone 11,54.30008055555555,48.376022222222225,121.35340073529412,353.24951171875,1/122,2.4,25,1.54,1.0223123732251522
img_2780.jpg,2022:07:13 10:23:09,iPhone 11,54.305030555555554,48.37483611111111,145.01354838709676,351.86669921875,1/246,2.4,20,1.54,1.0223123732251522
img_2794.jpg,2022:07:13 10:25:15,iPhone 11,54.304925,48.374925,137.99263585576435,264.7480166225916,1/169,2.4,20,1.54,1.0223123732251522
img_1712.jpg,2022:07:07 17:19:00,iPhone 11,54.32961944444445,48.392808333333335,181.7373540856031,103.58709338929695,1/1170,2.4,20,1.54,1.237315875613748
img_1909.jpg,2022:07:12 15:57:17,iPhone 11,54.30177777777777,48.37613611111111,124.35061568373298,345.7411957411957,1/224,2.4,20,1.54,1.0223123732251522
img_1921.jpg,2022:07:12 16:00:30,iPhone 11,54.30160833333333,48.374805555555554,121.8596395412343,280.7399598393574,1/143,2.4,20,1.54,1.0223123732251522
img_1666.jpg,2022:07:07 11:56:56,iPhone 11,54.33020833333334,48.39422222222222,182.21126619138468,37.776885986328125,1/705,2.4,20,1.54,1.3795620437956204
img_2409.jpg,2022:07:13 08:53:23,iPhone 11,54.30240555555555,48.37817777777778,138.17823834196892,95.93801789857474,1/122,2.4,50,1.54,1.0223123732251522
img_1672.jpg,2022:07:07 17:08:11,iPhone 11,54.33007777777778,48.394038888888886,181.70900609974885,177.42313395946613,1/122,2.4,50,1.54,1.237315875613748
img_1882.jpg,2022:07:12 15:50:23,iPhone 11,54.30174722222222,48.37588888888889,123.73371212121212,269.1882018846005,1/194,2.4,20,1.54,1.0223123732251522
img_1896.jpg,2022:07:12 15:52:45,iPhone 11,54.30172777777778,48.37643888888889,124.56516443361754,344.3499908138894,1/122,2.4,50,1.54,1.0223123732251522
img_2347.jpg,2022:07:12 17:59:59,iPhone 11,54.297286111111106,48.375572222222225,131.52627939142462,120.91423423423423,1/122,2.4,50,1.54,1.0223123732251522
img_1841.jpg,2022:07:12 15:38:50,iPhone 11,54.30291111111111,48.378075,129.45872641509433,331.4768219178082,1/111,2.4,200,1.54,1.0223123732251522
img_2390.jpg,2022:07:13 08:48:42,iPhone 11,54.302875,48.37622777777778,131.39307760141094,263.79959100204496,1/122,2.4,32,1.54,1.0223123732251522
img_2384.jpg,2022:07:13 08:47:48,iPhone 11,54.3028,48.37625,131.2840379959024,118.48316183348925,1/122,2.4,25,1.54,1.0223123732251522
img_2623.jpg,2022:07:13 09:44:16,iPhone 11,54.30328333333333,48.378147222222225,137.94196701282834,93.03881742270367,1/122,2.4,25,1.54,1.0223123732251522
img_2635.jpg,2022:07:13 09:45:31,iPhone 11,54.303244444444445,48.3783,135.9864518491395,99.63696202531645,1/144,2.4,20,1.54,1.0223123732251522
img_2621.jpg,2022:07:13 09:40:55,iPhone 11,54.30257777777778,48.37583611111111,141.08763440860216,263.5402219140083,1/122,2.4,40,1.54,1.0223123732251522
img_1857.jpg,2022:07:12 15:45:07,iPhone 11,54.30197222222222,48.37643333333333,125.41631009312862,171.11032863849766,1/122,2.4,25,1.54,1.0223123732251522
img_2437.jpg,2022:07:13 08:59:40,iPhone 11,54.30166944444444,48.376305555555554,131.41368194842406,194.29779812513627,1/122,2.4,32,1.54,1.0223123732251522
img_1658.jpg,2022:07:07 11:54:24,iPhone 11,54.33023333333334,48.39398055555556,182.77967097532314,331.22190852625636,1/252,2.4,20,1.54,1.3795620437956204
img_2345.jpg,2022:07:12 17:59:47,iPhone 11,54.29731666666667,48.37552222222222,129.79554140127388,127.47441104792851,1/122,2.4,25,1.54,1.0223123732251522
img_2423.jpg,2022:07:13 08:57:54,iPhone 11,54.301991666666666,48.37650277777778,147.24993518278455,177.24406424581005,1/122,2.4,25,1.54,1.0223123732251522
img_1937.jpg,2022:07:12 16:03:30,iPhone 11,54.30161388888889,48.374775,121.46825369000456,202.34693127526646,1/163,2.4,20,1.54,1.0223123732251522
img_2796.jpg,2022:07:13 10:25:39,iPhone 11,54.304877777777776,48.374919444444444,136.8343555342597,267.44891354600094,1/207,2.4,20,1.54,1.0223123732251522
img_2027.jpg,2022:07:12 16:36:37,iPhone 11,54.30013333333333,48.376025,121.33484104419746,351.54244977316915,1/122,2.4,25,1.54,1.0223123732251522
img_2741.jpg,2022:07:13 10:15:26,iPhone 11,54.30495,48.37600277777778,134.67113451412158,347.28063943161635,1/527,2.4,20,1.54,1.0595655220742817
img_2755.jpg,2022:07:13 10:17:21,iPhone 11,54.30497777777777,48.37585833333333,134.58289124668434,250.0523834468308,1/358,2.4,20,1.54,1.0223123732251522
img_2026.jpg,2022:07:12 16:36:22,iPhone 11,54.30009166666667,48.376044444444446,121.37614844172221,352.08807339449544,1/122,2.4,25,1.54,1.0223123732251522
img_2797.jpg,2022:07:13 10:25:50,iPhone 11,54.30489444444444,48.37495,136.70321951219512,263.72866817155756,1/157,2.4,20,1.54,1.0223123732251522
img_2783.jpg,2022:07:13 10:23:36,iPhone 11,54.30506111111111,48.37495833333333,152.14484574868322,347.7301636307502,1/212,2.4,20,1.54,1.0223123732251522
img_1711.jpg,2022:07:07 17:18:51,iPhone 11,54.32961388888889,48.392783333333334,181.79365904365903,111.6097736255839,1/959,2.4,20,1.54,1.237315875613748
img_1922.jpg,2022:07:12 16:00:38,iPhone 11,54.30158888888889,48.37478333333333,121.71807415036045,277.69984447900464,1/126,2.4,20,1.54,1.0223123732251522
img_2581.jpg,2022:07:13 09:32:11,iPhone 11,54.30237222222222,48.37531944444444,131.06185210780927,213.65406050955414,1/145,2.4,20,1.54,1.0223123732251522
img_2378.jpg,2022:07:13 08:47:02,iPhone 11,54.302727777777775,48.37618888888889,132.35335948994606,106.95976447497547,1/122,2.4,32,1.54,1.0223123732251522
img_1665.jpg,2022:07:07 11:56:44,iPhone 11,54.33021111111111,48.394191666666664,181.43304887509697,97.78660299107703,1/695,2.4,20,1.54,1.3795620437956204
img_2344.jpg,2022:07:12 17:59:42,iPhone 11,54.297333333333334,48.375502777777776,128.2879213483146,132.5732956552455,1/122,2.4,25,1.54,1.0223123732251522
img_2422.jpg,2022:07:13 08:57:47,iPhone 11,54.30204444444444,48.37646111111111,147.07421074210743,182.3942031954117,1/122,2.4,25,1.54,1.0223123732251522
img_2436.jpg,2022:07:13 08:59:32,iPhone 11,54.30161944444444,48.37628888888889,133.5856142584341,182.9649430324277,1/122,2.4,32,1.54,1.0223123732251522
img_2350.jpg,2022:07:12 18:11:20,iPhone 11,54.301944444444445,48.376488888888886,138.92209536601746,162.9701386420192,1/121,2.4,100,1.54,1.0223123732251522
img_1881.jpg,2022:07:12 15:50:15,iPhone 11,54.30174722222222,48.37586944444445,123.95178849144635,267.564422648239,1/199,2.4,20,1.54,1.0223123732251522
img_1856.jpg,2022:07:12 15:45:00,iPhone 11,54.301975,48.37643888888889,125.40023428348302,170.790695164076,1/123,2.4,20,1.54,1.0223123732251522
img_2608.jpg,2022:07:13 09:38:57,iPhone 11,54.30251666666666,48.37594722222222,131.72363423897167,88.80422977993713,1/122,2.4,50,1.54,1.0223123732251522
img_2620.jpg,2022:07:13 09:40:50,iPhone 11,54.30258611111111,48.375794444444445,141.60391061452515,263.04872107186355,1/122,2.4,32,1.54,1.0223123732251522
img_2634.jpg,2022:07:13 09:45:25,iPhone 11,54.303238888888885,48.378302777777776,135.6922406277245,103.82281791435109,1/149,2.4,20,1.54,1.0223123732251522
img_2630.jpg,2022:07:13 09:45:00,iPhone 11,54.30328333333333,48.378372222222225,135.02379796017485,89.33840947546531,1/139,2.4,20,1.54,1.0223123732251522
img_2624.jpg,2022:07:13 09:44:23,iPhone 11,54.30331111111111,48.37829166666667,134.05947210157032,85.1348876953125,1/122,2.4,32,1.54,1.0223123732251522
img_2397.jpg,2022:07:13 08:49:40,iPhone 11,54.30280277777778,48.37620833333333,128.52140410958904,109.25396728515625,1/122,2.4,50,1.54,1.0223123732251522
img_2383.jpg,2022:07:13 08:47:42,iPhone 11,54.30280555555555,48.37625833333333,131.42566709021602,114.63691322901849,1/122,2.4,32,1.54,1.0223123732251522
img_1675.jpg,2022:07:07 17:08:48,iPhone 11,54.33004722222223,48.39398611111111,182.40517401823934,173.09519184069936,1/122,2.4,50,1.54,1.237315875613748
img_1885.jpg,2022:07:12 15:50:53,iPhone 11,54.30175,48.376019444444445,124.1321225071225,262.10182207931405,1/171,2.4,20,1.54,1.0223123732251522
img_2432.jpg,2022:07:13 08:59:06,iPhone 11,54.30166944444444,48.376380555555556,136.23884057971014,181.41394025604552,1/122,2.4,64,1.54,1.0223123732251522
img_2426.jpg,2022:07:13 08:58:12,iPhone 11,54.30195277777778,48.376475,147.89704918032785,176.99139414802065,1/122,2.4,32,1.54,1.0223123732251522
img_1649.jpg,2022:07:07 11:51:48,iPhone 11,54.33020277777778,48.393975,182.61969365426697,342.65370196813495,1/516,2.4,20,1.54,1.3795620437956204
img_1932.jpg,2022:07:12 16:02:24,iPhone 11,54.301624999999994,48.374808333333334,121.4295415959253,271.06517016654595,1/122,2.4,25,1.54,1.0223123732251522
img_1926.jpg,2022:07:12 16:01:07,iPhone 11,54.301602777777774,48.37483611111111,121.88479965156795,281.8186490455213,1/133,2.4,20,1.54,1.0223123732251522
img_1715.jpg,2022:07:07 17:20:16,iPhone 11,54.32972222222222,48.39276944444445,181.91924319335487,82.60263066805123,1/1453,2.4,20,1.54,1.237315875613748
img_2787.jpg,2022:07:13 10:24:28,iPhone 11,54.304966666666665,48.37503888888889,143.6949304620906,267.47125256673513,1/122,2.4,20,1.54,1.0223123732251522
img_2793.jpg,2022:07:13 10:25:02,iPhone 11,54.304938888888884,48.37493888888889,139.12481051035877,266.94317605276507,1/139,2.4,20,1.54,1.0223123732251522
img_2750.jpg,2022:07:13 10:16:53,iPhone 11,54.304991666666666,48.3759,135.06421256573483,256.5160674514795,1/452,2.4,20,1.54,1.0223123732251522
img_2751.jpg,2022:07:13 10:16:59,iPhone 11,54.30497222222222,48.37586666666667,134.94403594771242,248.3087464731963,1/436,2.4,20,1.54,1.0223123732251522
img_2745.jpg,2022:07:13 10:16:14,iPhone 11,54.30503888888889,48.37595833333334,134.14671310404876,260.35211181640625,1/484,2.4,20,1.54,1.0595655220742817
img_2779.jpg,2022:07:13 10:22:45,iPhone 11,54.30501944444444,48.37486666666667,142.19459962756054,353.13464337700145,1/224,2.4,20,1.54,1.0223123732251522
img_2792.jpg,2022:07:13 10:24:57,iPhone 11,54.30495555555555,48.374947222222225,139.68518496582604,261.36810279667424,1/138,2.4,20,1.54,1.0223123732251522
img_2786.jpg,2022:07:13 10:24:05,iPhone 11,54.30508888888889,48.37481944444445,151.6967455621302,348.02874743326487,1/213,2.4,20,1.54,1.0223123732251522
img_2553.jpg,2022:07:13 09:27:44,iPhone 11,54.30248333333333,48.37553055555556,129.44119036372226,20.271026592455165,1/122,2.4,50,1.54,1.0223123732251522
img_2547.jpg,2022:07:13 09:27:01,iPhone 11,54.30244166666667,48.37553055555556,132.93181283799672,19.62249755859375,1/122,2.4,32,1.54,1.0223123732251522
img_1700.jpg,2022:07:07 17:16:28,iPhone 11,54.32957777777778,48.392605555555555,182.40526315789472,186.81586460032625,1/134,2.4,20,1.54,1.237315875613748
img_1714.jpg,2022:07:07 17:19:53,iPhone 11,54.32973055555556,48.39277777777778,181.63906856403622,80.53408805031447,1/5988,2.4,20,1.54,1.237315875613748
img_2590.jpg,2022:07:13 09:36:39,iPhone 11,54.30256388888888,48.375841666666666,135.63132619135575,186.46668253212755,1/122,2.4,20,1.54,1.0223123732251522
img_1927.jpg,2022:07:12 16:01:14,iPhone 11,54.30158888888889,48.374833333333335,121.88606726149622,282.7134703196347,1/166,2.4,20,1.54,1.0223123732251522
img_1933.jpg,2022:07:12 16:02:55,iPhone 11,54.301630555555555,48.374808333333334,121.13334976583683,203.9673157162726,1/122,2.4,20,1.54,1.0223123732251522
img_2584.jpg,2022:07:13 09:35:42,iPhone 11,54.30258055555555,48.37594722222222,129.05595344673233,187.01589193484307,1/130,2.4,20,1.54,1.0223123732251522
img_2427.jpg,2022:07:13 08:58:17,iPhone 11,54.30196111111111,48.376472222222226,147.6861646234676,178.90641786824992,1/122,2.4,32,1.54,1.0223123732251522
img_1890.jpg,2022:07:12 15:51:28,iPhone 11,54.30173611111111,48.37596111111111,123.96098525710177,263.47860696517415,1/378,2.4,20,1.54,1.0223123732251522
img_2341.jpg,2022:07:12 17:54:09,iPhone 11,54.29631388888889,48.37135833333333,123.73359008707301,18.24996947124191,1/122,2.4,64,1.54,1.0223123732251522
img_1674.jpg,2022:07:07 17:08:36,iPhone 11,54.33002777777778,48.39403055555555,182.5348627980207,175.0900039824771,1/122,2.4,64,1.54,1.237315875613748
img_2369.jpg,2022:07:13 08:45:13,iPhone 11,54.30280555555555,48.37634166666667,136.29952788949117,115.31900026874496,1/122,2.4,40,1.54,1.0223123732251522
img_1853.jpg,2022:07:12 15:42:11,iPhone 11,54.30240277777777,48.37815,128.2051934826884,83.490966796875,1/122,2.4,20,1.54,1.0223123732251522
img_1847.jpg,2022:07:12 15:40:47,iPhone 11,54.30243333333333,48.378119444444444,128.13056120965396,93.26716808371485,1/122,2.4,25,1.54,1.0223123732251522
img_2625.jpg,2022:07:13 09:44:28,iPhone 11,54.303288888888886,48.37835555555556,134.38482000354674,79.3968505859375,1/122,2.4,40,1.54,1.0223123732251522
img_2631.jpg,2022:07:13 09:45:05,iPhone 11,54.30328333333333,48.37836111111111,135.78782983306408,92.69268711130174,1/142,2.4,20,1.54,1.0223123732251522
img_2627.jpg,2022:07:13 09:44:42,iPhone 11,54.3033,48.37835555555556,132.44339739615623,83.32302855645796,1/122,2.4,20,1.54,1.0223123732251522
img_1845.jpg,2022:07:12 15:40:16,iPhone 11,54.30246388888889,48.37817777777778,128.41643389199254,52.51547244745987,1/122,2.4,20,1.54,1.0223123732251522
img_1676.jpg,2022:07:07 17:08:57,iPhone 11,54.33002777777778,48.39398055555556,182.7223326706428,174.51449588922543,1/122,2.4,50,1.54,1.237315875613748
img_1662.jpg,2022:07:07 11:55:44,iPhone 11,54.33015833333334,48.39407222222222,182.32123850991775,34.878173828125,1/888,2.4,20,1.54,1.3795620437956204
img_1886.jpg,2022:07:12 15:51:01,iPhone 11,54.301738888888885,48.376,124.2961316140507,266.13922117587174,1/174,2.4,20,1.54,1.0223123732251522
img_1925.jpg,2022:07:12 16:01:00,iPhone 11,54.301605555555554,48.37483611111111,121.87447054293415,277.8016661326498,1/141,2.4,20,1.54,1.0223123732251522
img_2586.jpg,2022:07:13 09:35:56,iPhone 11,54.30260833333333,48.37587777777778,130.1100375738057,184.96514122273865,1/124,2.4,20,1.54,1.0223123732251522
img_2579.jpg,2022:07:13 09:31:55,iPhone 11,54.302363888888884,48.37527222222222,129.74647943992917,207.65525824517735,1/155,2.4,20,1.54,1.0223123732251522
img_2021.jpg,2022:07:12 16:35:46,iPhone 11,54.30012222222222,48.37603055555556,121.23344709897611,345.3522491349481,1/122,2.4,50,1.54,1.0223123732251522
img_2747.jpg,2022:07:13 10:16:27,iPhone 11,54.30500277777777,48.37589722222222,137.3557224922669,256.35623159960744,1/510,2.4,20,1.54,1.0595655220742817
img_2008.jpg,2022:07:12 16:24:36,iPhone 11,54.30195555555555,48.374630555555555,121.22940627914205,113.15725326991677,1/122,2.4,25,1.54,1.0223123732251522
img_2791.jpg,2022:07:13 10:24:50,iPhone 11,54.30497222222222,48.374969444444446,140.3635303265941,260.15043653458696,1/136,2.4,20,1.54,1.0223123732251522
img_2544.jpg,2022:07:13 09:25:15,iPhone 11,54.30190277777778,48.37475833333333,126.49435736677115,285.25135802469134,1/146,2.4,20,1.54,1.0223123732251522
img_2550.jpg,2022:07:13 09:27:25,iPhone 11,54.30247222222222,48.37555833333333,131.9814606741573,20.1236572265625,1/121,2.4,64,1.54,1.0223123732251522
img_2578.jpg,2022:07:13 09:31:49,iPhone 11,54.30235555555555,48.375277777777775,129.25793081460228,210.52478017585932,1/125,2.4,20,1.54,1.0223123732251522
img_1930.jpg,2022:07:12 16:02:07,iPhone 11,54.30163611111111,48.374805555555554,121.68726428778648,270.4638826185102,1/153,2.4,20,1.54,1.0223123732251522
img_1924.jpg,2022:07:12 16:00:51,iPhone 11,54.30161944444444,48.37486388888889,121.71097770154374,275.3492131008082,1/122,2.4,25,1.54,1.0223123732251522
img_2593.jpg,2022:07:13 09:36:58,iPhone 11,54.30255833333333,48.37583611111111,136.75439783491206,183.62875375375376,1/140,2.4,20,1.54,1.0223123732251522
img_1918.jpg,2022:07:12 16:00:06,iPhone 11,54.30159722222222,48.374833333333335,121.63971992361553,277.40054310930077,1/141,2.4,20,1.54,1.0223123732251522
img_2430.jpg,2022:07:13 08:58:55,iPhone 11,54.30172222222222,48.37646111111111,138.7275165385303,181.5209427007707,1/122,2.4,50,1.54,1.0223123732251522
img_1887.jpg,2022:07:12 15:51:09,iPhone 11,54.30174722222222,48.37598888888889,124.03871928518242,261.36112979152654,1/182,2.4,20,1.54,1.0223123732251522
img_1893.jpg,2022:07:12 15:52:13,iPhone 11,54.301738888888885,48.376441666666665,124.5164769322948,347.4477234401349,1/121,2.4,80,1.54,1.0223123732251522
img_2342.jpg,2022:07:12 17:59:29,iPhone 11,54.29736388888889,48.37547777777778,126.03938067990576,134.74797441364606,1/122,2.4,25,1.54,1.0223123732251522
img_1677.jpg,2022:07:07 17:09:10,iPhone 11,54.330022222222226,48.393969444444444,182.88456549935148,170.90471653168174,1/122,2.4,50,1.54,1.237315875613748
img_2418.jpg,2022:07:13 08:54:48,iPhone 11,54.30240277777777,48.37818888888889,134.72637106184365,103.5671950379049,1/122,2.4,25,1.54,1.0223123732251522
img_1850.jpg,2022:07:12 15:41:31,iPhone 11,54.30238333333333,48.37818055555556,128.02197992384907,74.58236698499317,1/122,2.4,20,1.54,1.0223123732251522
img_1688.jpg,2022:07:07 17:13:39,iPhone 11,54.32955277777778,48.39264166666667,181.64318813716403,185.61779769526248,1/129,2.4,20,1.54,1.237315875613748
img_1878.jpg,2022:07:12 15:49:30,iPhone 11,54.30173055555555,48.37594166666667,124.1048926434354,270.23793028794114,1/207,2.4,20,1.54,1.0223123732251522
