image_name,GPS_latitude,GPS_longitude,GPS_Altitude,GPS_Direction,exposure,aperture,iso,focus,zoom,iphone,day,hour,minute,second,car_brand,car_model,car_gen,car_body,car_colour,car_width_m,car_height_m
img_1861.jpg,54.301963888888885,48.37640833333333,125.48599033816426,170.10468291696168,122,2.4,20,1.54,1.0223123732251522,11,12,15,45,37,Mitsubishi,Carisma,Old,Sedan,Grey,1.71,1.41
img_1691.jpg,54.32955833333334,48.39263611111111,182.10631741140216,185.3189620758483,122,2.4,20,1.54,1.237315875613748,11,7,17,14,11,Toyota,RAV4,New,SUV,White,1.845,1.67
img_2398.jpg,54.30277222222222,48.37628055555555,127.7998338870432,105.00694663719608,122,2.4,50,1.54,1.0223123732251522,11,13,8,49,49,Lada,Samara,Old,Sedan,Black,1.65,1.402
img_1685.jpg,54.329575000000006,48.39254722222222,181.53422438234105,183.68979649519505,137,2.4,20,1.54,1.237315875613748,11,7,17,13,0,Toyota,RAV4,New,SUV,White,1.845,1.67
img_2373.jpg,54.302841666666666,48.37619444444445,135.87122807017545,127.51813132963083,126,2.4,20,1.54,1.0223123732251522,11,13,8,46,26,Opel,Astra,New,Hatch,White,1.814,1.5
img_2429.jpg,54.30175277777777,48.37645277777778,139.67408006469876,185.1491469455146,122,2.4,40,1.54,1.0223123732251522,11,13,8,58,50,Chevrolet,Niva,New,SUV,Grey,1.77,1.652
img_1901.jpg,54.30173611111111,48.37642777777778,124.52416052416052,346.47958366693354,121,2.4,64,1.54,1.0223123732251522,11,12,15,54,12,Kia,Spectra,New,Sedan,Dark-Blue,1.72,1.415
img_1929.jpg,54.301625,48.37485,121.82398029017246,281.56987012987014,144,2.4,20,1.54,1.0223123732251522,11,12,16,1,53,Ford,Fusion,New,Hatch,Dark-Blue,1.724,1.543
img_2575.jpg,54.30242222222222,48.37524166666667,128.25090762404196,207.2003707708945,122,2.4,20,1.54,1.0223123732251522,11,13,9,31,24,Lada,Largus,New,Van,Grey,1.75,1.636
img_2561.jpg,54.30246388888889,48.37552222222222,125.75746636035444,21.197021484375,122,2.4,25,1.54,1.0223123732251522,11,13,9,29,25,Datsun,Ondo,New,Sedan,Black,1.7,1.5
img_2549.jpg,54.30246666666666,48.375527777777776,132.1915305840022,17.68988037109375,122,2.4,40,1.54,1.0223123732251522,11,13,9,27,19,Datsun,Ondo,New,Sedan,Black,1.7,1.5
img_2788.jpg,54.30496944444444,48.37502222222222,143.63386907095256,270.93911719939115,122,2.4,25,1.54,1.0223123732251522,11,13,10,24,34,Lada,Granta,New,Sedan,Brown,1.7,1.5
img_2944.jpg,54.330172222222224,48.39445833333333,182.2658767772512,188.70876312610352,737,2.4,20,1.54,1.0223123732251522,11,13,12,9,12,Toyota,RAV4,Old,SUV,Light-Blue,1.815,1.685
img_2763.jpg,54.304991666666666,48.37591666666667,134.9148587801883,257.8381652964085,452,2.4,20,1.54,1.0223123732251522,11,13,10,18,18,Lada,Series_2107,Old,Sedan,Violet,1.62,1.446
img_2005.jpg,54.30197222222222,48.37468055555556,121.4218071242398,116.47179410444411,122,2.4,32,1.54,1.0223123732251522,11,12,16,22,23,Lada,Kalina,New,Hatch,Grey,1.7,1.5
img_2010.jpg,54.30114722222222,48.374775,120.57965130164796,260.9005281690141,122,2.4,25,1.54,1.0223123732251522,11,12,16,26,20,Toyota,Camry,New,Sedan,Grey,1.82,1.48
img_2945.jpg,54.33018888888889,48.394444444444446,182.50391644908612,190.6884384384384,813,2.4,20,1.54,1.0223123732251522,11,13,12,9,21,Toyota,RAV4,Old,SUV,Light-Blue,1.815,1.685
img_2789.jpg,54.30497777777777,48.37499722222222,142.2213953488372,267.4165191740413,122,2.4,25,1.54,1.0223123732251522,11,13,10,24,39,Lada,Granta,New,Sedan,Brown,1.7,1.5
img_2548.jpg,54.30245277777777,48.375508333333336,131.7638422818792,16.760284408329102,122,2.4,40,1.54,1.0223123732251522,11,13,9,27,12,Datsun,Ondo,New,Sedan,Black,1.7,1.5
img_2574.jpg,54.30241111111111,48.375225,128.10178306092124,207.8225020308692,122,2.4,20,1.54,1.0223123732251522,11,13,9,31,18,Lada,Largus,New,Van,Grey,1.75,1.636
img_1647.jpg,54.330219444444445,48.39393611111111,182.9326158165653,345.63484190948543,413,2.4,20,1.54,1.3795620437956204,11,7,11,51,23,Datsun,Ondo,New,Sedan,Black,1.7,1.5
img_1653.jpg,54.33013611111112,48.394025,182.80720665229444,347.7316283586921,695,2.4,20,1.54,1.3795620437956204,11,7,11,52,51,Datsun,Ondo,New,Sedan,Black,1.7,1.5
img_2372.jpg,54.30276388888888,48.376397222222224,137.06081370449678,113.58932683191117,122,2.4,80,1.54,1.0223123732251522,11,13,8,45,33,Lada,Kalina,New,Hatch,Blue,1.7,1.5
img_1684.jpg,54.32962777777778,48.392513888888885,181.36243902439023,189.4291230005516,127,2.4,20,1.54,1.237315875613748,11,7,17,12,49,Toyota,RAV4,New,SUV,White,1.845,1.67
img_1848.jpg,54.3024,48.37816111111111,128.32629012596504,61.93838499808649,122,2.4,25,1.54,1.0223123732251522,11,12,15,41,7,Hyundai,Solaris,New,Sedan,Black,1.7,1.47
img_1690.jpg,54.32954444444445,48.39264722222222,181.92285084496692,186.4964675658317,126,2.4,20,1.54,1.237315875613748,11,7,17,14,0,Toyota,RAV4,New,SUV,White,1.845,1.67
img_1860.jpg,54.30197222222222,48.37642777777778,125.4956463496316,170.85114300903774,122,2.4,25,1.54,1.0223123732251522,11,12,15,45,31,Mitsubishi,Carisma,Old,Sedan,Grey,1.71,1.41
img_1874.jpg,54.30171111111111,48.37592222222222,123.86918016194332,268.7588042588043,197,2.4,20,1.54,1.0223123732251522,11,12,15,48,48,Lada,Series_2106,Old,Sedan,Yellow,1.611,1.44
img_2614.jpg,54.30255833333333,48.37591111111111,132.2175182481752,260.8975678203929,122,2.4,32,1.54,1.0223123732251522,11,13,9,40,0,Toyota,Carib,Old,Universal,Blue,1.695,1.46
img_2600.jpg,54.30253888888888,48.37575555555556,131.59441489361703,92.65789700681444,122,2.4,40,1.54,1.0223123732251522,11,13,9,38,4,Kia,Rio,Old,Hatch,Grey,1.695,1.47
img_1862.jpg,54.301966666666665,48.37641944444445,125.56042435424354,168.83278655930013,123,2.4,20,1.54,1.0223123732251522,11,12,15,45,44,Mitsubishi,Carisma,Old,Sedan,Grey,1.71,1.41
img_1686.jpg,54.329569444444445,48.39259722222222,181.9647794601712,185.5803070011232,137,2.4,20,1.54,1.237315875613748,11,7,17,13,6,Toyota,RAV4,New,SUV,White,1.845,1.67
img_1692.jpg,54.32958333333334,48.39269722222223,182.11274480973947,182.3463211308445,151,2.4,20,1.54,1.237315875613748,11,7,17,14,24,Suzuki,GrandVitara,New,SUV,Grey,1.81,1.695
img_1645.jpg,54.33022777777778,48.393875,183.63405572755417,263.59678653404745,122,2.4,32,1.54,1.3795620437956204,11,7,11,50,45,Chevrolet,Aveo,New,Hatch,Turquose,1.735,1.517
img_1916.jpg,54.301602777777774,48.37483888888889,121.70154230929552,281.4375152849107,132,2.4,20,1.54,1.0223123732251522,11,12,15,59,51,Peugeot,Series_308,New,Hatch,Grey,1.815,1.498
img_1902.jpg,54.30174722222222,48.37643333333333,124.68303610647456,347.45309477756285,122,2.4,64,1.54,1.0223123732251522,11,12,15,54,20,Kia,Spectra,New,Sedan,Dark-Blue,1.72,1.415
img_2562.jpg,54.30249722222222,48.37551944444444,128.0346590909091,20.809967035097927,122,2.4,25,1.54,1.0223123732251522,11,13,9,29,44,Datsun,Ondo,New,Sedan,Black,1.7,1.5
img_2760.jpg,54.30497777777777,48.37586111111112,134.254970022089,250.2254487856389,417,2.4,20,1.54,1.0223123732251522,11,13,10,18,0,Lada,Series_2107,Old,Sedan,Violet,1.62,1.446
img_2774.jpg,54.304988888888886,48.37485,135.91296,346.35125758889853,198,2.4,20,1.54,1.0223123732251522,11,13,10,22,13,Kia,Sportage,New,SUV,Grey,1.855,1.645
img_2012.jpg,54.301177777777774,48.37477777777778,120.83219054492965,261.77008032128515,122,2.4,25,1.54,1.0223123732251522,11,12,16,26,31,Toyota,Camry,New,Sedan,Grey,1.82,1.48
img_2748.jpg,54.30500833333333,48.37589722222222,137.02242443938903,256.5905,489,2.4,20,1.54,1.0595655220742817,11,13,10,16,33,Lada,Series_2107,Old,Sedan,Violet,1.62,1.446
img_2775.jpg,54.30500833333333,48.37485555555556,136.97827031725336,354.5391845703125,201,2.4,20,1.54,1.0223123732251522,11,13,10,22,20,Kia,Sportage,New,SUV,Grey,1.855,1.645
img_2007.jpg,54.30193611111111,48.37463055555556,120.99340804218852,119.04475781729,122,2.4,25,1.54,1.0223123732251522,11,12,16,24,22,Lada,Kalina,New,Hatch,Grey,1.7,1.5
img_2577.jpg,54.3024,48.37526388888889,128.91180461329716,211.30775444264944,130,2.4,20,1.54,1.0223123732251522,11,13,9,31,43,Lada,Largus,New,Van,Grey,1.75,1.636
img_2563.jpg,54.302475,48.37548055555556,127.7827905587093,17.08193968701726,122,2.4,32,1.54,1.0223123732251522,11,13,9,29,52,Datsun,Ondo,New,Sedan,Black,1.7,1.5
img_2588.jpg,54.30258888888888,48.37586111111112,134.16599799398193,186.59215520877268,122,2.4,20,1.54,1.0223123732251522,11,13,9,36,19,Volkswagen,Polo,New,Sedan,White,1.699,1.467
img_1903.jpg,54.301766666666666,48.37641111111111,124.79188753168933,353.18243419338023,122,2.4,64,1.54,1.0223123732251522,11,12,15,54,27,Kia,Spectra,New,Sedan,Dark-Blue,1.72,1.415
img_1650.jpg,54.33020277777778,48.39398055555556,182.774833953726,340.37477106227107,558,2.4,20,1.54,1.3795620437956204,11,7,11,51,51,Datsun,Ondo,New,Sedan,Black,1.7,1.5
img_2359.jpg,54.30278055555555,48.37635,138.29327048965698,113.59708584098829,122,2.4,80,1.54,1.0223123732251522,11,13,8,43,48,Lada,Kalina,New,Hatch,Blue,1.7,1.5
img_1687.jpg,54.329547222222224,48.39261111111111,181.75274988044,184.6827393431167,153,2.4,20,1.54,1.237315875613748,11,7,17,13,18,Toyota,RAV4,New,SUV,White,1.845,1.67
img_1863.jpg,54.30197222222222,48.37641388888889,125.46309813463098,178.06754306436991,122,2.4,20,1.54,1.0223123732251522,11,12,15,45,51,Mitsubishi,Carisma,Old,Sedan,Grey,1.71,1.41
img_2629.jpg,54.30328055555555,48.37838333333333,133.2168913560666,90.66326819597847,137,2.4,20,1.54,1.0223123732251522,11,13,9,44,53,Peugeot,Series_408,Old,Sedan,Dark-Blue,1.815,1.505
img_2601.jpg,54.30253888888888,48.37578888888889,132.35598455598455,91.46691792294808,122,2.4,40,1.54,1.0223123732251522,11,13,9,38,11,Kia,Rio,Old,Hatch,Grey,1.695,1.47
img_2615.jpg,54.30256388888888,48.37585555555555,133.2039589961117,265.86570743405275,122,2.4,25,1.54,1.0223123732251522,11,13,9,40,5,Toyota,Carib,Old,Universal,Blue,1.695,1.46
img_2639.jpg,54.30332222222222,48.37818611111111,139.61401396580786,93.79733181947203,121,2.4,125,1.54,1.0223123732251522,11,13,9,46,57,Mercedes,B-Class,New,Hatch,White,1.777,1.603
img_1640.jpg,54.330219444444445,48.39387222222222,182.7676646706587,272.0663145539906,122,2.4,50,1.54,1.3795620437956204,11,7,11,48,35,Chevrolet,Aveo,New,Hatch,Turquose,1.735,1.517
img_2361.jpg,54.30279166666666,48.37634722222222,140.49869041382922,114.70629114850036,122,2.4,64,1.54,1.0223123732251522,11,13,8,44,4,Lada,Kalina,New,Hatch,Blue,1.7,1.5
img_1907.jpg,54.30181388888889,48.376127777777775,124.64296296296295,347.5914608622855,208,2.4,20,1.54,1.0223123732251522,11,12,15,57,0,Renault,Koleos,New,SUV,Black,1.843,1.678
img_1708.jpg,54.32962777777778,48.39273333333333,181.5315743944637,96.670962377884,1170,2.4,20,1.54,1.237315875613748,11,7,17,18,13,Lada,Samara,Old,Hatch,Light-Grey,1.65,1.402
img_2765.jpg,54.30498611111111,48.3759,136.84277299501585,260.32101449275365,457,2.4,20,1.54,1.0223123732251522,11,13,10,18,30,Lada,Series_2107,Old,Sedan,Violet,1.62,1.446
img_2003.jpg,54.301944444444445,48.3747,121.27477876106197,117.9679984851354,122,2.4,25,1.54,1.0223123732251522,11,12,16,22,3,Lada,Kalina,New,Hatch,Grey,1.7,1.5
img_2016.jpg,54.30121944444444,48.37476388888889,120.77788250078542,259.0155183116077,122,2.4,32,1.54,1.0223123732251522,11,12,16,27,3,Toyota,Camry,New,Sedan,Grey,1.82,1.48
img_2770.jpg,54.304966666666665,48.37475555555556,131.69591968911917,348.2733153638814,159,2.4,20,1.54,1.0223123732251522,11,13,10,21,53,Kia,Sportage,New,SUV,Grey,1.855,1.645
img_2764.jpg,54.304991666666666,48.37590277777778,134.44123641304347,261.2237243785434,457,2.4,20,1.54,1.0223123732251522,11,13,10,18,24,Lada,Series_2107,Old,Sedan,Violet,1.62,1.446
img_2002.jpg,54.30195555555555,48.37472222222223,121.42001710863988,113.21661000485672,122,2.4,25,1.54,1.0223123732251522,11,12,16,21,57,Lada,Kalina,New,Hatch,Grey,1.7,1.5
img_1709.jpg,54.32961388888889,48.39275,181.57622130665095,82.9755554180333,922,2.4,20,1.54,1.237315875613748,11,7,17,18,20,Lada,Samara,Old,Hatch,Light-Grey,1.65,1.402
img_1912.jpg,54.30182222222222,48.376127777777775,124.65927873779114,351.41552734375,186,2.4,20,1.54,1.0223123732251522,11,12,15,57,58,Renault,Koleos,New,SUV,Black,1.843,1.678
img_2406.jpg,54.30240555555555,48.37811666666667,139.01196013289035,91.23330585325638,122,2.4,32,1.54,1.0223123732251522,11,13,8,53,5,Hyundai,Solaris,New,Sedan,Black,1.7,1.47
img_2374.jpg,54.302813888888885,48.376225,132.41148272017838,119.8102760226139,176,2.4,20,1.54,1.0223123732251522,11,13,8,46,32,Opel,Astra,New,Hatch,White,1.814,1.5
img_1641.jpg,54.33018611111112,48.39387222222222,182.67643229166663,268.5419006964727,122,2.4,40,1.54,1.3795620437956204,11,7,11,48,54,Chevrolet,Aveo,New,Hatch,Turquose,1.735,1.517
img_1899.jpg,54.30173611111111,48.37640277777778,124.45749559082893,348.0336,122,2.4,64,1.54,1.0223123732251522,11,12,15,53,54,Kia,Spectra,New,Sedan,Dark-Blue,1.72,1.415
img_1696.jpg,54.32955833333334,48.3926,181.73073770491803,177.65684496826836,122,2.4,40,1.54,1.237315875613748,11,7,17,15,34,Suzuki,GrandVitara,New,SUV,Grey,1.81,1.695
img_2604.jpg,54.30253611111111,48.37586944444445,132.53784295175024,100.2542715827338,122,2.4,32,1.54,1.0223123732251522,11,13,9,38,34,Kia,Rio,Old,Hatch,Grey,1.695,1.47
img_2638.jpg,54.30333333333333,48.37818888888889,139.53505201266395,91.07934468358496,122,2.4,80,1.54,1.0223123732251522,11,13,9,46,51,Mercedes,B-Class,New,Hatch,White,1.777,1.603
img_1680.jpg,54.33001666666667,48.39402777777778,182.50235825388864,170.1294250920419,122,2.4,50,1.54,1.237315875613748,11,7,17,10,0,Toyota,RAV4,New,SUV,White,1.845,1.67
img_1864.jpg,54.30198333333333,48.376397222222224,125.42980096826253,172.8153153153153,160,2.4,20,1.54,1.0223123732251522,11,12,15,46,4,Mitsubishi,Carisma,Old,Sedan,Grey,1.71,1.41
img_1643.jpg,54.330200000000005,48.39390555555556,182.6173756470853,260.4773561811505,122,2.4,40,1.54,1.3795620437956204,11,7,11,49,33,Chevrolet,Aveo,New,Hatch,Turquose,1.735,1.517
img_2404.jpg,54.30239444444444,48.37803611111112,140.64880952380952,100.26229763387298,122,2.4,32,1.54,1.0223123732251522,11,13,8,52,44,Hyundai,Solaris,New,Sedan,Black,1.7,1.47
img_2410.jpg,54.302391666666665,48.378175,137.8940433708482,91.3985280999108,122,2.4,64,1.54,1.0223123732251522,11,13,8,53,28,Hyundai,Solaris,New,Sedan,Black,1.7,1.47
img_2376.jpg,54.30276111111111,48.37620833333333,132.71553930530163,118.8217029449424,122,2.4,32,1.54,1.0223123732251522,11,13,8,46,50,Opel,Astra,New,Hatch,White,1.814,1.5
img_1938.jpg,54.301602777777774,48.374775,121.43423863289594,207.53340132585416,168,2.4,20,1.54,1.0223123732251522,11,12,16,3,37,Citroen,Berlingo,New,Van,Red,1.81,1.801
img_1910.jpg,54.30178055555555,48.376125,124.4869011976048,347.6528013582343,226,2.4,20,1.54,1.0223123732251522,11,12,15,57,27,Renault,Koleos,New,SUV,Black,1.843,1.678
img_2570.jpg,54.30240277777777,48.37520277777778,126.92266795553408,205.98354341736692,122,2.4,25,1.54,1.0223123732251522,11,13,9,30,52,Lada,Largus,New,Van,Grey,1.75,1.636
img_2799.jpg,54.30493055555555,48.37490555555556,137.0201019252548,265.3678435114504,160,2.4,20,1.54,1.0223123732251522,11,13,10,26,8,Lada,Granta,New,Sedan,Brown,1.7,1.5
img_2941.jpg,54.33018611111112,48.39443611111111,182.4097435897436,187.43013768485463,592,2.4,20,1.54,1.0223123732251522,11,13,12,8,56,Toyota,RAV4,Old,SUV,Light-Blue,1.815,1.685
img_2014.jpg,54.30115833333333,48.37473333333333,120.74519377479402,270.89659123460325,132,2.4,20,1.54,1.0223123732251522,11,12,16,26,42,Toyota,Camry,New,Sedan,Grey,1.82,1.48
img_2766.jpg,54.30486666666666,48.374775,131.15260099612618,359.3250728862974,200,2.4,20,1.54,1.0223123732251522,11,13,10,21,31,Kia,Sportage,New,SUV,Grey,1.855,1.645
img_2001.jpg,54.30194722222222,48.37474722222223,121.46932185145316,100.88679700699976,122,2.4,25,1.54,1.0223123732251522,11,12,16,21,51,Lada,Kalina,New,Hatch,Grey,1.7,1.5
img_2767.jpg,54.30490555555555,48.37478611111111,131.26070114274646,352.2962648556876,187,2.4,20,1.54,1.0223123732251522,11,13,10,21,37,Kia,Sportage,New,SUV,Grey,1.855,1.645
img_2940.jpg,54.33018888888889,48.39444722222222,182.41498062849763,186.6643295354952,527,2.4,20,1.54,1.0223123732251522,11,13,12,8,50,Toyota,RAV4,Old,SUV,Light-Blue,1.815,1.685
img_1939.jpg,54.30161388888889,48.37477222222222,121.50647887323944,202.88314059646987,187,2.4,20,1.54,1.0223123732251522,11,12,16,3,45,Citroen,Berlingo,New,Van,Red,1.81,1.801
img_2411.jpg,54.30238333333333,48.37818888888889,138.2930849158008,94.0286855482934,121,2.4,80,1.54,1.0223123732251522,11,13,8,53,34,Hyundai,Solaris,New,Sedan,Black,1.7,1.47
img_2405.jpg,54.30239444444444,48.37808888888889,139.1708817498291,89.23904421011899,122,2.4,32,1.54,1.0223123732251522,11,13,8,52,56,Hyundai,Solaris,New,Sedan,Black,1.7,1.47
img_1656.jpg,54.330172222222224,48.393994444444445,182.58587429993776,339.2824251726784,347,2.4,20,1.54,1.3795620437956204,11,7,11,53,45,Datsun,Ondo,New,Sedan,Black,1.7,1.5
img_1865.jpg,54.30199444444444,48.37638888888889,125.39134615384616,174.33955393718708,122,2.4,20,1.54,1.0223123732251522,11,12,15,46,12,Mitsubishi,Carisma,Old,Sedan,Grey,1.71,1.41
img_1681.jpg,54.330025000000006,48.394019444444446,182.566573556797,168.13314817840222,122,2.4,40,1.54,1.237315875613748,11,7,17,10,11,Toyota,RAV4,New,SUV,White,1.845,1.67
img_2613.jpg,54.30255833333333,48.375880555555554,131.48001598721024,261.5905609093156,122,2.4,32,1.54,1.0223123732251522,11,13,9,39,54,Toyota,Carib,Old,Universal,Blue,1.695,1.46
img_2660.jpg,54.30344722222222,48.37808888888889,145.8204970849954,265.197311827957,122,2.4,40,1.54,1.0223123732251522,11,13,9,49,37,Renault,Logan,Old,Sedan,Blue,1.74,1.534
img_2674.jpg,54.30334444444444,48.378169444444445,150.1795677799607,264.244888254874,122,2.4,64,1.54,1.0223123732251522,11,13,9,51,58,Volkswagen,Polo,New,Hatch,Green,1.65,1.467
img_2648.jpg,54.30321944444445,48.37811944444445,144.01696994479656,94.94091710758376,122,2.4,100,1.54,1.0223123732251522,11,13,9,47,58,Mercedes,B-Class,New,Hatch,White,1.777,1.603
img_2890.jpg,54.33014722222222,48.394705555555554,182.34119251753705,183.5774612058001,545,2.4,20,1.54,1.0223123732251522,11,13,12,1,19,Nissan,Juke,New,SUV,Red,1.765,1.565
img_2304.jpg,54.29621944444444,48.37129166666666,128.15250583797376,323.1024630541872,122,2.4,40,1.54,1.0223123732251522,11,12,17,49,41,Chevrolet,Cruze,New,Sedan,Grey,1.788,1.477
img_2462.jpg,54.301138888888886,48.37544166666667,122.3505214368482,94.45025541230844,122,2.4,50,1.54,1.0223123732251522,11,13,9,5,21,Lada,Granta,New,Sedan,Dark-Grey,1.7,1.5
img_2476.jpg,54.301138888888886,48.375030555555554,127.01797990481226,252.8580627099664,322,2.4,20,1.54,1.0223123732251522,11,13,9,7,34,Lada,Series_2110,Old,Sedan,Grey,1.68,1.42
img_1619.jpg,54.32954444444445,48.39533333333333,181.70044977511245,341.38452163315054,1838,1.8,32,1.54,1.23529,11,7,11,13,0,Hyundai,Creta,New,SUV,Grey,1.78,1.63
img_2310.jpg,54.296252777777774,48.37123611111111,123.33941093969143,315.5930941096818,122,2.4,32,1.54,1.0223123732251522,11,12,17,50,22,Chevrolet,Cruze,New,Sedan,Grey,1.788,1.477
img_1631.jpg,54.33018888888889,48.393816666666666,183.15294880103693,264.60470588235296,122,2.4,64,1.54,1.3795620437956204,11,7,11,46,40,Chevrolet,Aveo,New,Hatch,Turquose,1.735,1.517
img_1976.jpg,54.30273888888889,48.37494722222223,122.26308229017032,19.932312021259964,243,2.4,20,1.54,1.0223123732251522,11,12,16,15,31,Nissan,Almera,New,Sedan,Grey,1.695,1.522
img_2270.jpg,54.297066666666666,48.370425,122.4658420016868,120.1553955078125,122,2.4,100,1.54,1.0223123732251522,11,12,17,40,34,Datsun,Ondo,New,Sedan,Brown,1.7,1.5
img_2516.jpg,54.30118888888889,48.37457222222222,141.2718813608607,273.00172413793103,773,2.4,20,1.54,1.0223123732251522,11,13,9,16,12,Lada,Series_2106,Old,Sedan,Yellow,1.611,1.44
img_2502.jpg,54.30115555555555,48.37465555555556,139.12343842950625,70.13531499556345,184,2.4,20,1.54,1.0223123732251522,11,13,9,14,19,Datsun,Ondo,New,Sedan,Light-Grey,1.7,1.5
img_2264.jpg,54.29763333333333,48.37110555555556,113.65107506601282,31.6277160791888,122,2.4,100,1.54,1.0223123732251522,11,12,17,28,38,Hyundai,Solaris,New,Sedan,Grey,1.7,1.47
img_2927.jpg,54.32999722222223,48.39392222222222,182.3673300165837,108.36577608142494,122,2.4,32,1.54,1.0223123732251522,11,13,12,6,31,Toyota,Camry,New,Sedan,Black,1.82,1.48
img_2728.jpg,54.30498611111111,48.37598888888889,128.6188050023159,344.2984771573604,484,2.4,20,1.54,1.0595655220742817,11,13,10,13,53,Nissan,Almera,Old,Sedan,Grey,1.71,1.44
img_2932.jpg,54.33018055555556,48.394438888888885,182.3005551149881,185.9710082215491,841,2.4,20,1.54,1.0223123732251522,11,13,12,7,52,Toyota,RAV4,Old,SUV,Light-Blue,1.815,1.685
img_2503.jpg,54.30114444444444,48.37467222222222,139.2723463687151,69.91265871489034,208,2.4,20,1.54,1.0223123732251522,11,13,9,14,24,Datsun,Ondo,New,Sedan,Light-Grey,1.7,1.5
img_2271.jpg,54.29706111111111,48.37043888888889,122.71540312876051,117.04399870592042,121,2.4,125,1.54,1.0223123732251522,11,12,17,40,40,Datsun,Ondo,New,Sedan,Brown,1.7,1.5
img_1977.jpg,54.30192222222222,48.37500833333333,122.17179830432842,31.040588395532552,122,2.4,25,1.54,1.0223123732251522,11,12,16,18,38,Renault,Megane,New,Hatch,White,1.808,1.471
img_1963.jpg,54.30271111111111,48.37493888888889,122.30665566556657,19.47503661296765,212,2.4,20,1.54,1.0223123732251522,11,12,16,13,57,Nissan,Almera,New,Sedan,Grey,1.695,1.522
img_2477.jpg,54.30113611111111,48.37505,126.58792636408867,251.88887023669636,387,2.4,20,1.54,1.0223123732251522,11,13,9,7,41,Lada,Series_2110,Old,Sedan,Grey,1.68,1.42
img_1618.jpg,54.32954444444445,48.39535833333333,181.54282744282744,334.21406539173347,1808,1.8,32,1.54,1.23529,11,7,11,12,48,Hyundai,Creta,New,SUV,Grey,1.78,1.63
img_2305.jpg,54.29623055555555,48.37126944444445,128.87724306688418,319.80639634494577,122,2.4,40,1.54,1.0223123732251522,11,12,17,49,46,Chevrolet,Cruze,New,Sedan,Grey,1.788,1.477
img_2463.jpg,54.30114722222222,48.37543055555555,121.7170650361312,89.81591796875,122,2.4,50,1.54,1.0223123732251522,11,13,9,5,28,Lada,Granta,New,Sedan,Dark-Grey,1.7,1.5
img_2891.jpg,54.33015833333334,48.39471111111112,182.34430546412116,180.45296477931345,558,2.4,20,1.54,1.0223123732251522,11,13,12,1,24,Nissan,Juke,New,SUV,Red,1.765,1.565
img_2885.jpg,54.33021111111111,48.39478055555556,182.6110325318246,189.24221046443267,1115,2.4,20,1.54,1.0223123732251522,11,13,12,0,40,Ford,Fusion,New,Hatch,Light-Blue,1.724,1.543
img_2688.jpg,54.30357222222222,48.37828888888889,154.9431552054503,2.863494873046875,150,2.4,20,1.54,1.0223123732251522,11,13,9,53,59,Lada,Series_2107,Old,Sedan,Dark-Green,1.62,1.446
img_1829.jpg,54.30286111111111,48.37815,129.1932,337.4197233914612,163,2.4,20,1.54,1.0223123732251522,11,12,15,36,59,Mitsubishi,Outlander,New,SUV,White,1.81,1.703
img_2313.jpg,54.29627222222222,48.371208333333335,122.58667705492792,312.9544678429141,122,2.4,32,1.54,1.0223123732251522,11,12,17,50,45,Chevrolet,Cruze,New,Sedan,Grey,1.788,1.477
img_1626.jpg,54.33022777777778,48.39383611111111,182.6681559707555,271.52597047566974,122,2.4,64,1.54,1.3795620437956204,11,7,11,45,32,Chevrolet,Aveo,New,Hatch,Turquose,1.735,1.517
img_2449.jpg,54.30176944444444,48.37617777777778,125.12454911945682,172.33303085299457,122,2.4,25,1.54,1.0223123732251522,11,13,9,1,45,Lada,Kalina,New,Hatch,Grey,1.7,1.5
img_2918.jpg,54.33016111111112,48.394333333333336,182.4124313186813,92.9636058230683,592,2.4,20,1.54,1.0223123732251522,11,13,12,4,50,Lada,Samara,Old,Hatch,Grey,1.65,1.402
img_2930.jpg,54.33018611111112,48.394444444444446,182.3059941744596,189.28889470927183,639,2.4,20,1.54,1.0223123732251522,11,13,12,7,42,Toyota,RAV4,Old,SUV,Light-Blue,1.815,1.685
img_2716.jpg,54.30357222222222,48.37821666666667,153.59200153816573,265.59985369422094,170,2.4,20,1.54,1.0223123732251522,11,13,9,57,0,Hyundai,Solaris,New,Sedan,Dark-Grey,1.7,1.47
img_2931.jpg,54.33018055555556,48.394444444444446,182.30484610347085,185.62028499580887,737,2.4,20,1.54,1.0223123732251522,11,13,12,7,47,Toyota,RAV4,Old,SUV,Light-Blue,1.815,1.685
img_2528.jpg,54.30158333333333,48.37491666666666,129.23327239488117,109.08900836320193,162,2.4,20,1.54,1.0223123732251522,11,13,9,21,43,Hyundai,Creta,New,SUV,Black,1.78,1.63
img_2514.jpg,54.30120833333333,48.37455,140.3971023063276,270.8408203125,799,2.4,20,1.54,1.0223123732251522,11,13,9,15,59,Lada,Series_2106,Old,Sedan,Yellow,1.611,1.44
img_2272.jpg,54.29706111111111,48.37041388888889,122.78713168971738,121.21500777604976,122,2.4,100,1.54,1.0223123732251522,11,12,17,40,45,Datsun,Ondo,New,Sedan,Brown,1.7,1.5
img_2266.jpg,54.29707777777777,48.37043888888889,120.3833470733718,117.91239173884075,122,2.4,100,1.54,1.0223123732251522,11,12,17,40,11,Datsun,Ondo,New,Sedan,Brown,1.7,1.5
img_1948.jpg,54.30251944444444,48.37545833333333,124.23927178153446,16.971008313792368,122,2.4,40,1.54,1.0223123732251522,11,12,16,11,24,Kia,Rio,New,Sedan,Black,1.7,1.47
img_1627.jpg,54.330263888888894,48.39383611111111,182.74223069590084,276.87178019461936,121,2.4,64,1.54,1.3795620437956204,11,7,11,45,42,Chevrolet,Aveo,New,Hatch,Turquose,1.735,1.517
img_2460.jpg,54.30113333333333,48.37544166666667,121.7634382566586,93.6134328358209,122,2.4,40,1.54,1.0223123732251522,11,13,9,5,7,Lada,Granta,New,Sedan,Dark-Grey,1.7,1.5
img_2306.jpg,54.29622777777777,48.37128888888889,127.96061776061777,319.8919372900336,122,2.4,40,1.54,1.0223123732251522,11,12,17,49,52,Chevrolet,Cruze,New,Sedan,Grey,1.788,1.477
img_2474.jpg,54.30110555555555,48.37497222222223,126.19543281996812,258.2226865671642,421,2.4,20,1.54,1.0223123732251522,11,13,9,7,6,Lada,Series_2110,Old,Sedan,Grey,1.68,1.42
img_2892.jpg,54.33015833333334,48.39471388888889,182.4159509202454,180.992828328104,527,2.4,20,1.54,1.0223123732251522,11,13,12,1,29,Nissan,Juke,New,SUV,Red,1.765,1.565
img_2879.jpg,54.330172222222224,48.39480555555556,182.1731150793651,182.1102218988723,578,2.4,20,1.54,1.0223123732251522,11,13,11,59,57,Ford,Fusion,New,Hatch,Light-Blue,1.724,1.543
img_2869.jpg,54.33019722222223,48.39491388888889,182.2065930272696,73.12118531623176,470,2.4,20,1.54,1.0223123732251522,11,13,11,58,26,Cherry,Amulet,Old,Sedan,Grey,1.682,1.424
img_2896.jpg,54.33017777777778,48.39469444444445,182.3502475247525,183.94918071716933,564,2.4,20,1.54,1.0223123732251522,11,13,12,1,57,Nissan,Juke,New,SUV,Red,1.765,1.565
img_2882.jpg,54.33018888888889,48.39480555555556,182.1250906453952,186.885635359116,571,2.4,20,1.54,1.0223123732251522,11,13,12,0,14,Ford,Fusion,New,Hatch,Light-Blue,1.724,1.543
img_2672.jpg,54.30334722222222,48.37818611111111,149.43924431086302,266.61070234113714,122,2.4,80,1.54,1.0223123732251522,11,13,9,51,45,Volkswagen,Polo,New,Hatch,Green,1.65,1.467
img_2666.jpg,54.3035,48.37813888888889,142.811376146789,268.25311280431146,121,2.4,80,1.54,1.0223123732251522,11,13,9,50,24,Renault,Logan,Old,Sedan,Blue,1.74,1.534
img_1838.jpg,54.30289722222222,48.37812777777778,129.5819993959529,329.71922307912024,121,2.4,100,1.54,1.0223123732251522,11,12,15,38,17,Chevrolet,Aveo,New,Hatch,Turquose,1.735,1.517
img_1623.jpg,54.32953888888889,48.39533333333333,181.7761228230981,338.6572265625,773,2.4,20,1.54,1.2352941176470589,11,7,11,14,39,Hyundai,Creta,New,SUV,Grey,1.78,1.63
img_1637.jpg,54.330219444444445,48.39386388888889,182.75575715282625,284.8675842429995,122,2.4,64,1.54,1.3795620437956204,11,7,11,47,56,Chevrolet,Aveo,New,Hatch,Turquose,1.735,1.517
img_2458.jpg,54.30113333333333,48.37542777777778,122.96237602414834,86.48605341246291,122,2.4,25,1.54,1.0223123732251522,11,13,9,4,49,Lada,Granta,New,Sedan,Dark-Grey,1.7,1.5
img_2470.jpg,54.30110833333333,48.37504444444445,125.5217183770883,258.09524537532485,406,2.4,20,1.54,1.0223123732251522,11,13,9,6,39,Lada,Series_2110,Old,Sedan,Grey,1.68,1.42
img_2316.jpg,54.29627222222222,48.37125277777778,120.86636771300448,316.312256049961,122,2.4,40,1.54,1.0223123732251522,11,12,17,51,5,Chevrolet,Cruze,New,Sedan,Grey,1.788,1.477
img_2302.jpg,54.29621944444444,48.37132777777778,129.17300572197914,319.92329385222786,122,2.4,50,1.54,1.0223123732251522,11,12,17,49,30,Chevrolet,Cruze,New,Sedan,Grey,1.788,1.477
img_2289.jpg,54.29625,48.37120555555556,129.66723783413298,299.20466595970305,122,2.4,50,1.54,1.0223123732251522,11,12,17,47,29,Lada,Granta,New,Sedan,Dark-Blue,1.7,1.5
img_1958.jpg,54.30251666666666,48.37545833333333,124.24045467793646,23.43414308000892,122,2.4,40,1.54,1.0223123732251522,11,12,16,12,54,Kia,Rio,New,Sedan,Black,1.7,1.47
img_1970.jpg,54.30274166666666,48.37491666666666,122.35583464154892,27.53060907395898,218,2.4,20,1.54,1.0223123732251522,11,12,16,15,0,Nissan,Almera,New,Sedan,Grey,1.695,1.522
img_1964.jpg,54.30273055555556,48.37495555555556,122.63462873004858,24.894836442281697,212,2.4,20,1.54,1.0223123732251522,11,12,16,14,5,Nissan,Almera,New,Sedan,Grey,1.695,1.522
img_2538.jpg,54.30189166666666,48.37477777777778,124.76459268762028,293.26486199575373,122,2.4,25,1.54,1.0223123732251522,11,13,9,24,34,Lada,Samara,Old,Hatch,Grey,1.65,1.402
img_2504.jpg,54.30114444444444,48.37470555555556,139.35186576508892,71.17059324439398,300,2.4,20,1.54,1.0223123732251522,11,13,9,14,30,Datsun,Ondo,New,Sedan,Light-Grey,1.7,1.5
img_2510.jpg,54.301177777777774,48.37470277777778,135.81291759465478,68.1977843825993,225,2.4,20,1.54,1.0223123732251522,11,13,9,15,24,Datsun,Ondo,New,Sedan,Light-Grey,1.7,1.5
img_1596.jpg,54.32963611111112,48.39546944444445,181.60288560632085,171.06460562822036,675,2.4,20,1.54,1.2342857142857142,11,7,11,2,48,Datsun,Ondo,New,Hatch,Red,1.7,1.5
img_2706.jpg,54.30358055555556,48.37827222222222,147.98903932946487,358.26998904709745,148,2.4,20,1.54,1.0223123732251522,11,13,9,55,52,Hyundai,Solaris,New,Sedan,Dark-Grey,1.7,1.47
img_2712.jpg,54.30358055555556,48.37821111111111,149.769943019943,2.9403076171875,135,2.4,20,1.54,1.0223123732251522,11,13,9,56,27,Hyundai,Solaris,New,Sedan,Dark-Grey,1.7,1.47
img_2713.jpg,54.3036,48.37821944444445,150.11876019575857,1.85565185546875,151,2.4,20,1.54,1.0223123732251522,11,13,9,56,40,Hyundai,Solaris,New,Sedan,Dark-Grey,1.7,1.47
img_2707.jpg,54.30358055555556,48.37824166666667,148.45902649414666,357.232421875,135,2.4,20,1.54,1.0223123732251522,11,13,9,55,57,Hyundai,Solaris,New,Sedan,Dark-Grey,1.7,1.47
img_2908.jpg,54.33016666666667,48.394327777777775,182.6374547101449,77.6751708428246,639,2.4,20,1.54,1.0223123732251522,11,13,12,3,47,Lada,Samara,Old,Hatch,Grey,1.65,1.402
img_2934.jpg,54.33018888888889,48.39444722222222,182.27599388379204,182.15995040297585,727,2.4,20,1.54,1.0223123732251522,11,13,12,8,6,Toyota,RAV4,Old,SUV,Light-Blue,1.815,1.685
img_2920.jpg,54.33006944444445,48.393877777777774,182.43874278383575,104.06976699734312,122,2.4,25,1.54,1.0223123732251522,11,13,12,5,48,Toyota,Camry,New,Sedan,Black,1.82,1.48
img_2277.jpg,54.297041666666665,48.370377777777776,118.59195859872612,123.6273156556484,122,2.4,80,1.54,1.0223123732251522,11,12,17,41,29,Datsun,Ondo,New,Sedan,Brown,1.7,1.5
img_2511.jpg,54.30116666666667,48.37473333333333,137.53467377923675,71.42062377072212,209,2.4,20,1.54,1.0223123732251522,11,13,9,15,29,Datsun,Ondo,New,Sedan,Light-Grey,1.7,1.5
img_2505.jpg,54.30114722222222,48.37471111111111,138.77613320999075,73.20635979541917,298,2.4,20,1.54,1.0223123732251522,11,13,9,14,36,Datsun,Ondo,New,Sedan,Light-Grey,1.7,1.5
img_2539.jpg,54.30190555555555,48.374741666666665,124.53045013239188,293.60800179815686,122,2.4,25,1.54,1.0223123732251522,11,13,9,24,39,Lada,Samara,Old,Hatch,Grey,1.65,1.402
img_1965.jpg,54.30271944444444,48.37495555555556,122.32184353214562,22.050079351084467,187,2.4,20,1.54,1.0223123732251522,11,12,16,14,12,Nissan,Almera,New,Sedan,Grey,1.695,1.522
img_1971.jpg,54.302752777777776,48.37491944444445,122.43780607247795,26.921203638908327,212,2.4,20,1.54,1.0223123732251522,11,12,16,15,6,Nissan,Almera,New,Sedan,Grey,1.695,1.522
img_1959.jpg,54.30251666666666,48.37545277777778,124.15175458982104,22.30084228515625,121,2.4,64,1.54,1.0223123732251522,11,12,16,13,1,Kia,Rio,New,Sedan,Black,1.7,1.47
img_2459.jpg,54.30113333333333,48.37541111111111,122.26303724928368,86.61364752086402,122,2.4,25,1.54,1.0223123732251522,11,13,9,4,59,Lada,Granta,New,Sedan,Dark-Grey,1.7,1.5
img_2667.jpg,54.30334444444444,48.37813055555556,144.77206946454413,270.3755186721992,122,2.4,100,1.54,1.0223123732251522,11,13,9,51,13,Volkswagen,Polo,New,Hatch,Green,1.65,1.467
img_2673.jpg,54.30336388888889,48.3782,149.594489883771,263.94442748091603,122,2.4,50,1.54,1.0223123732251522,11,13,9,51,51,Volkswagen,Polo,New,Hatch,Green,1.65,1.467
img_2883.jpg,54.33018611111112,48.394783333333336,182.41710851891128,180.03127272727272,675,2.4,20,1.54,1.0223123732251522,11,13,12,0,18,Ford,Fusion,New,Hatch,Light-Blue,1.724,1.543
img_2897.jpg,54.33014166666667,48.39468055555555,182.5140928940056,181.67994687915007,452,2.4,20,1.54,1.0223123732251522,11,13,12,2,11,Nissan,Juke,New,SUV,Red,1.765,1.565
img_2659.jpg,54.30343888888888,48.37804444444445,145.28687635574838,266.39968895800934,122,2.4,32,1.54,1.0223123732251522,11,13,9,49,29,Renault,Logan,Old,Sedan,Blue,1.74,1.534
img_2881.jpg,54.33019722222223,48.39479722222222,182.1627953544253,185.32492836676215,631,2.4,20,1.54,1.0223123732251522,11,13,12,0,8,Ford,Fusion,New,Hatch,Light-Blue,1.724,1.543
img_2895.jpg,54.33016944444445,48.3947,182.58854559155992,182.09770964166972,607,2.4,20,1.54,1.0223123732251522,11,13,12,1,45,Nissan,Juke,New,SUV,Red,1.765,1.565
img_2665.jpg,54.30349444444444,48.378169444444445,143.8964274008522,261.3776091081594,121,2.4,80,1.54,1.0223123732251522,11,13,9,50,17,Renault,Logan,Old,Sedan,Blue,1.74,1.534
img_2671.jpg,54.30334722222222,48.37815833333333,146.68485506123082,265.7443541102078,122,2.4,80,1.54,1.0223123732251522,11,13,9,51,36,Volkswagen,Polo,New,Hatch,Green,1.65,1.467
img_1634.jpg,54.33017777777778,48.39383055555555,182.4135687732342,277.4668576104746,122,2.4,50,1.54,1.3795620437956204,11,7,11,47,19,Chevrolet,Aveo,New,Hatch,Turquose,1.735,1.517
img_1620.jpg,54.32953333333334,48.39533888888889,181.8096175478065,340.1608579088472,1838,1.8,32,1.54,1.23529,11,7,11,13,16,Hyundai,Creta,New,SUV,Grey,1.78,1.63
img_2301.jpg,54.29620277777778,48.37136111111111,129.96109123434704,316.47738646020207,122,2.4,50,1.54,1.0223123732251522,11,12,17,49,26,Chevrolet,Cruze,New,Sedan,Grey,1.788,1.477
img_1608.jpg,54.32944444444445,48.39528611111111,182.1376071866068,179.39212036606173,195,2.4,20,1.54,1.305699481865285,11,7,11,8,36,Lada,Niva,Old,SUV,Violet,1.68,1.64
img_1967.jpg,54.3027,48.37495555555556,122.06444318824194,29.137237569060773,236,2.4,20,1.54,1.0223123732251522,11,12,16,14,25,Nissan,Almera,New,Sedan,Grey,1.695,1.522
img_1973.jpg,54.30274166666666,48.374941666666665,122.32613458528952,24.31549072265625,227,2.4,20,1.54,1.0223123732251522,11,12,16,15,18,Nissan,Almera,New,Sedan,Grey,1.695,1.522
img_2275.jpg,54.29707222222222,48.37040277777778,121.65703422053232,117.95339954163484,121,2.4,100,1.54,1.0223123732251522,11,12,17,41,1,Datsun,Ondo,New,Sedan,Brown,1.7,1.5
img_2261.jpg,54.29764166666666,48.37105555555556,114.09809339596572,32.721649169921875,122,2.4,125,1.54,1.0223123732251522,11,12,17,28,18,Hyundai,Solaris,New,Sedan,Grey,1.7,1.47
img_2507.jpg,54.30115833333333,48.37472222222223,136.26777777777778,69.85119632907244,329,2.4,20,1.54,1.0223123732251522,11,13,9,14,53,Datsun,Ondo,New,Sedan,Light-Grey,1.7,1.5
img_2739.jpg,54.304966666666665,48.376044444444446,131.8037258815702,347.02996845425866,675,2.4,20,1.54,1.0595655220742817,11,13,10,15,12,Nissan,Almera,Old,Sedan,Grey,1.71,1.44
img_2705.jpg,54.30358055555556,48.37833055555556,148.26332574031892,0.648223876953125,133,2.4,20,1.54,1.0223123732251522,11,13,9,55,48,Hyundai,Solaris,New,Sedan,Dark-Grey,1.7,1.47
img_2704.jpg,54.30356944444444,48.378302777777776,148.18967540086038,1.173583984375,122,2.4,20,1.54,1.0223123732251522,11,13,9,55,43,Hyundai,Solaris,New,Sedan,Dark-Grey,1.7,1.47
img_2937.jpg,54.33018055555556,48.39445,182.62254443405047,192.706932052162,372,2.4,20,1.54,1.0223123732251522,11,13,12,8,27,Toyota,RAV4,Old,SUV,Light-Blue,1.815,1.685
img_2260.jpg,54.29763055555556,48.37103333333334,114.11281224818694,34.71597289448209,122,2.4,125,1.54,1.0223123732251522,11,12,17,28,11,Hyundai,Solaris,New,Sedan,Grey,1.7,1.47
img_2512.jpg,54.30115833333333,48.374725,138.10062071218556,65.25234984865382,227,2.4,20,1.54,1.0223123732251522,11,13,9,15,35,Datsun,Ondo,New,Sedan,Light-Grey,1.7,1.5
img_1966.jpg,54.302702777777775,48.37495833333333,122.26571920757968,23.76266481609993,202,2.4,20,1.54,1.0223123732251522,11,12,16,14,18,Nissan,Almera,New,Sedan,Grey,1.695,1.522
img_2300.jpg,54.29618055555555,48.37138333333333,130.0475276044167,319.44326777609683,122,2.4,40,1.54,1.0223123732251522,11,12,17,49,20,Chevrolet,Cruze,New,Sedan,Grey,1.788,1.477
img_1621.jpg,54.32954444444445,48.39533333333333,181.1666095303394,337.9388885469875,1808,1.8,32,1.54,1.23529,11,7,11,13,32,Hyundai,Creta,New,SUV,Grey,1.78,1.63
img_1635.jpg,54.33018888888889,48.39384166666667,182.46754807692307,276.91647331786544,122,2.4,50,1.54,1.3795620437956204,11,7,11,47,31,Chevrolet,Aveo,New,Hatch,Turquose,1.735,1.517
img_2664.jpg,54.30348333333333,48.3781,144.64478371501272,267.87757847533635,121,2.4,64,1.54,1.0223123732251522,11,13,9,50,11,Renault,Logan,Old,Sedan,Blue,1.74,1.534
img_2894.jpg,54.33018055555556,48.39470277777778,182.41954208319896,182.65147386673272,551,2.4,20,1.54,1.0223123732251522,11,13,12,1,40,Nissan,Juke,New,SUV,Red,1.765,1.565
img_2658.jpg,54.30343611111111,48.37801388888889,145.0950700216327,265.66603089834064,122,2.4,40,1.54,1.0223123732251522,11,13,9,49,22,Renault,Logan,Old,Sedan,Blue,1.74,1.534
img_2857.jpg,54.32958333333334,48.39543611111111,181.18549747048905,346.00735474380974,122,2.4,25,1.54,1.0223123732251522,11,13,11,54,29,Hyundai,Creta,New,SUV,Grey,1.78,1.63
img_2682.jpg,54.30357222222222,48.378230555555554,151.29040355280944,356.1773073106186,122,2.4,20,1.54,1.0223123732251522,11,13,9,53,21,Lada,Series_2107,Old,Sedan,Dark-Green,1.62,1.446
img_2866.jpg,54.33018611111112,48.394930555555554,182.4311136624569,79.86294556507322,436,2.4,20,1.54,1.0223123732251522,11,13,11,58,10,Cherry,Amulet,Old,Sedan,Grey,1.682,1.424
img_2872.jpg,54.330200000000005,48.39481666666666,182.20742753623188,88.28723141516424,533,2.4,20,1.54,1.0223123732251522,11,13,11,58,53,Cherry,Amulet,Old,Sedan,Grey,1.682,1.424
img_2899.jpg,54.33014722222222,48.39465833333333,182.3161016949153,185.42568203198496,396,2.4,20,1.54,1.0223123732251522,11,13,12,2,29,Nissan,Juke,New,SUV,Red,1.765,1.565
img_2669.jpg,54.30333611111111,48.37812777777778,145.43144329896907,264.46656804733726,121,2.4,80,1.54,1.0223123732251522,11,13,9,51,26,Volkswagen,Polo,New,Hatch,Green,1.65,1.467
img_1837.jpg,54.30287222222222,48.37806944444444,129.5075148549458,331.1284023668639,121,2.4,125,1.54,1.0223123732251522,11,12,15,38,9,Chevrolet,Aveo,New,Hatch,Turquose,1.735,1.517
img_2480.jpg,54.30114722222222,48.37464444444444,137.31100342075257,76.03332516540064,452,2.4,20,1.54,1.0223123732251522,11,13,9,11,24,Lada,Series_2112,Old,Hatch,Grey,1.68,1.42
img_2494.jpg,54.30108611111111,48.37466388888889,135.45292066259807,81.1005859375,284,2.4,20,1.54,1.0223123732251522,11,13,9,13,13,Lada,Series_2112,Old,Hatch,Grey,1.68,1.42
img_2443.jpg,54.30173055555555,48.37618888888889,125.48596881959912,184.40840929138488,122,2.4,50,1.54,1.0223123732251522,11,13,9,1,7,Lada,Kalina,New,Hatch,Grey,1.7,1.5
img_2331.jpg,54.29625,48.37118611111112,126.40779308028216,299.6234281932495,122,2.4,25,1.54,1.0223123732251522,11,12,17,52,40,Honda,CR-V,Old,SUV,Dark-Yellow,1.78,1.71
img_2319.jpg,54.29628333333333,48.37125277777778,124.96418790815252,296.8249818445897,122,2.4,50,1.54,1.0223123732251522,11,12,17,51,27,Honda,CR-V,Old,SUV,Dark-Yellow,1.78,1.71
img_1980.jpg,54.30191666666666,48.37471666666666,121.49508641138596,123.10263823635708,122,2.4,25,1.54,1.0223123732251522,11,12,16,19,26,Lada,Kalina,New,Hatch,Grey,1.7,1.5
img_1994.jpg,54.30196111111111,48.37471388888889,121.3533434650456,120.38149815800246,122,2.4,25,1.54,1.0223123732251522,11,12,16,21,14,Lada,Kalina,New,Hatch,Grey,1.7,1.5
img_2912.jpg,54.33016666666667,48.39429166666667,182.72280508006625,100.19059561128526,695,2.4,20,1.54,1.0223123732251522,11,13,12,4,10,Lada,Samara,Old,Hatch,Grey,1.65,1.402
img_2735.jpg,54.30498055555555,48.376,130.668071950534,347.6588132635253,494,2.4,20,1.54,1.0595655220742817,11,13,10,14,46,Nissan,Almera,Old,Sedan,Grey,1.71,1.44
img_2721.jpg,54.30361944444444,48.378230555555554,153.62880411487356,348.09533678756475,122,2.4,32,1.54,1.0223123732251522,11,13,9,57,39,Chevrolet,Cruze,New,Sedan,Black,1.788,1.477
img_2709.jpg,54.30358888888889,48.37824166666667,149.59009104382807,0.02056884765625,131,2.4,20,1.54,1.0223123732251522,11,13,9,56,9,Hyundai,Solaris,New,Sedan,Dark-Grey,1.7,1.47
img_2708.jpg,54.30358888888889,48.37822222222222,148.5449662369552,2.587432861328125,166,2.4,20,1.54,1.0223123732251522,11,13,9,56,3,Hyundai,Solaris,New,Sedan,Dark-Grey,1.7,1.47
img_2913.jpg,54.33016944444445,48.39432222222222,182.6668410041841,100.79411123227918,657,2.4,20,1.54,1.0223123732251522,11,13,12,4,19,Lada,Samara,Old,Hatch,Grey,1.65,1.402
img_2278.jpg,54.29704722222222,48.37039166666667,118.32547699214366,115.9684333593141,122,2.4,80,1.54,1.0223123732251522,11,12,17,41,42,Datsun,Ondo,New,Sedan,Brown,1.7,1.5
img_2536.jpg,54.30188888888889,48.37479444444445,124.11692429647243,285.8620302860348,122,2.4,25,1.54,1.0223123732251522,11,13,9,24,21,Lada,Samara,Old,Hatch,Grey,1.65,1.402
img_2287.jpg,54.29626388888889,48.37119722222222,125.7720823798627,297.8523560209424,122,2.4,40,1.54,1.0223123732251522,11,12,17,46,56,Lada,Granta,New,Sedan,Dark-Blue,1.7,1.5
img_1605.jpg,54.32945277777778,48.395291666666665,182.37524687294277,175.05442804428046,183,2.4,20,1.54,1.2868085106382978,11,7,11,7,37,Lada,Niva,Old,SUV,Violet,1.68,1.64
img_2330.jpg,54.29624166666667,48.37119722222222,125.35906271536872,294.9779816513761,122,2.4,25,1.54,1.0223123732251522,11,12,17,52,33,Honda,CR-V,Old,SUV,Dark-Yellow,1.78,1.71
img_2442.jpg,54.30169166666666,48.37634166666667,127.1039162466072,198.11891938103787,122,2.4,25,1.54,1.0223123732251522,11,13,9,0,43,Chevrolet,Niva,New,SUV,Grey,1.77,1.652
img_2495.jpg,54.30108888888888,48.37467222222222,135.78982434887948,85.55630498533725,254,2.4,20,1.54,1.0223123732251522,11,13,9,13,20,Lada,Series_2112,Old,Hatch,Grey,1.68,1.42
img_1822.jpg,54.30285277777777,48.378166666666665,129.40826655419653,336.07463080168776,129,2.4,20,1.54,1.0223123732251522,11,12,15,36,2,Mitsubishi,Outlander,New,SUV,White,1.81,1.703
img_2654.jpg,54.30343888888888,48.37814722222223,143.8223880597015,273.04359430604984,122,2.4,40,1.54,1.0223123732251522,11,13,9,48,47,Renault,Logan,Old,Sedan,Blue,1.74,1.534
img_2867.jpg,54.330172222222224,48.39491666666667,182.19144144144144,71.0625,432,2.4,20,1.54,1.0223123732251522,11,13,11,58,15,Cherry,Amulet,Old,Sedan,Grey,1.682,1.424
img_2683.jpg,54.30356666666666,48.37826111111111,150.80805295091008,359.72250316055624,156,2.4,20,1.54,1.0223123732251522,11,13,9,53,29,Lada,Series_2107,Old,Sedan,Dark-Green,1.62,1.446
img_2681.jpg,54.30355,48.37826944444444,150.98584474885843,2.90789794921875,143,2.4,20,1.54,1.0223123732251522,11,13,9,53,15,Lada,Series_2107,Old,Sedan,Dark-Green,1.62,1.446
img_2656.jpg,54.30345555555555,48.378166666666665,144.44060370009737,265.508316008316,122,2.4,32,1.54,1.0223123732251522,11,13,9,48,59,Renault,Logan,Old,Sedan,Blue,1.74,1.534
img_2642.jpg,54.30325,48.378077777777776,142.15569143932268,100.57629296498554,121,2.4,125,1.54,1.0223123732251522,11,13,9,47,16,Mercedes,B-Class,New,Hatch,White,1.777,1.603
img_1820.jpg,54.30283611111111,48.378191666666666,129.6286197421264,315.783203125,174,2.4,20,1.54,1.0223123732251522,11,12,15,35,50,Mitsubishi,Outlander,New,SUV,White,1.81,1.703
img_1834.jpg,54.30285,48.37811944444445,129.36081017428168,333.75172413793103,121,2.4,160,1.54,1.0223123732251522,11,12,15,37,43,Chevrolet,Aveo,New,Hatch,Turquose,1.735,1.517
img_2332.jpg,54.29623888888889,48.37119166666667,126.39629517157609,296.246261682243,122,2.4,25,1.54,1.0223123732251522,11,12,17,52,47,Honda,CR-V,Old,SUV,Dark-Yellow,1.78,1.71
img_2454.jpg,54.30116388888889,48.37541944444445,123.51764658698966,95.82775781034006,122,2.4,40,1.54,1.0223123732251522,11,13,9,4,19,Lada,Granta,New,Sedan,Dark-Grey,1.7,1.5
img_2440.jpg,54.30170833333333,48.37633055555556,126.96440972222224,195.04192355117135,122,2.4,25,1.54,1.0223123732251522,11,13,9,0,8,Chevrolet,Niva,New,SUV,Grey,1.77,1.652
img_1607.jpg,54.32946666666667,48.39525277777778,182.1022840119166,178.3209534368071,225,2.4,20,1.54,1.305699481865285,11,7,11,8,16,Lada,Niva,Old,SUV,Violet,1.68,1.64
img_2468.jpg,54.30113333333333,48.37508055555556,124.38058659217876,255.9074248120301,428,2.4,20,1.54,1.0223123732251522,11,13,9,6,22,Lada,Series_2110,Old,Sedan,Grey,1.68,1.42
img_1613.jpg,54.32945,48.39525277777778,181.7538779731127,176.38619979402677,193,2.4,20,1.54,1.2383292383292384,11,7,11,10,28,Lada,Niva,Old,SUV,Violet,1.68,1.64
img_2285.jpg,54.29622777777777,48.37116666666667,122.15968732551649,298.5844115834874,122,2.4,64,1.54,1.0223123732251522,11,12,17,46,44,Lada,Granta,New,Sedan,Dark-Blue,1.7,1.5
img_2291.jpg,54.29626944444444,48.37118611111112,129.34238076773943,297.6131133304386,122,2.4,50,1.54,1.0223123732251522,11,12,17,47,55,Lada,Granta,New,Sedan,Dark-Blue,1.7,1.5
img_1968.jpg,54.30266944444444,48.37495,122.2786944045911,33.6136474609375,213,2.4,20,1.54,1.0223123732251522,11,12,16,14,32,Nissan,Almera,New,Sedan,Grey,1.695,1.522
img_2520.jpg,54.30157222222222,48.37488055555556,138.26903400541678,84.46417225555948,122,2.4,32,1.54,1.0223123732251522,11,13,9,20,14,Hyundai,Creta,New,SUV,Black,1.78,1.63
img_1983.jpg,54.30191666666666,48.37470555555556,121.46887860082305,112.83830645161292,122,2.4,25,1.54,1.0223123732251522,11,12,16,19,42,Lada,Kalina,New,Hatch,Grey,1.7,1.5
img_2939.jpg,54.33018055555556,48.39445555555555,182.3968731208659,185.7645797598628,461,2.4,20,1.54,1.0223123732251522,11,13,12,8,42,Toyota,RAV4,Old,SUV,Light-Blue,1.815,1.685
img_2905.jpg,54.33021111111111,48.39434722222222,182.79471632741448,95.98225214198288,457,2.4,20,1.54,1.0223123732251522,11,13,12,3,32,Lada,Samara,Old,Hatch,Grey,1.65,1.402
img_2911.jpg,54.33016111111112,48.39428333333333,182.51037938439512,94.27442748091605,737,2.4,20,1.54,1.0223123732251522,11,13,12,4,4,Lada,Samara,Old,Hatch,Grey,1.65,1.402
img_2737.jpg,54.30496111111111,48.37601388888889,130.5380910683012,343.33129904097643,695,2.4,20,1.54,1.0595655220742817,11,13,10,14,59,Nissan,Almera,Old,Sedan,Grey,1.71,1.44
img_2723.jpg,54.30362777777778,48.37822222222222,152.80194845233692,350.077392578125,122,2.4,32,1.54,1.0223123732251522,11,13,9,57,50,Chevrolet,Cruze,New,Sedan,Black,1.788,1.477
img_2904.jpg,54.33020833333334,48.39431388888889,182.4836068116257,95.10258302583026,484,2.4,20,1.54,1.0223123732251522,11,13,12,3,25,Lada,Samara,Old,Hatch,Grey,1.65,1.402
img_2535.jpg,54.30186388888889,48.37479444444445,123.2985440195945,282.60762032085563,122,2.4,20,1.54,1.0223123732251522,11,13,9,24,15,Lada,Samara,Old,Hatch,Grey,1.65,1.402
img_1996.jpg,54.301925,48.374775,121.5663500678426,120.87080394922424,122,2.4,25,1.54,1.0223123732251522,11,12,16,21,27,Lada,Kalina,New,Hatch,Grey,1.7,1.5
img_2290.jpg,54.29623888888889,48.37119166666667,128.92797237296497,299.83280955373976,122,2.4,50,1.54,1.0223123732251522,11,12,17,47,44,Lada,Granta,New,Sedan,Dark-Blue,1.7,1.5
img_1612.jpg,54.32947222222223,48.395247222222224,181.7751418256833,184.1874541452678,247,2.4,20,1.54,1.2383292383292384,11,7,11,10,7,Lada,Niva,Old,SUV,Violet,1.68,1.64
img_1606.jpg,54.32944444444445,48.395291666666665,182.0769948670089,177.2662962962963,219,2.4,20,1.54,1.305699481865285,11,7,11,8,0,Lada,Niva,Old,SUV,Violet,1.68,1.64
img_2469.jpg,54.301125,48.375083333333336,124.79573043114274,257.877624475105,375,2.4,20,1.54,1.0223123732251522,11,13,9,6,28,Lada,Series_2110,Old,Sedan,Grey,1.68,1.42
img_2327.jpg,54.29630555555556,48.37118888888889,125.05757949984564,300.3323823109843,122,2.4,32,1.54,1.0223123732251522,11,12,17,52,16,Honda,CR-V,Old,SUV,Dark-Yellow,1.78,1.71
img_2333.jpg,54.29624166666667,48.371180555555554,126.80218579234972,299.2381284916201,122,2.4,32,1.54,1.0223123732251522,11,12,17,52,55,Honda,CR-V,Old,SUV,Dark-Yellow,1.78,1.71
img_2455.jpg,54.30114444444444,48.37543611111112,123.54708486531102,89.35946649316851,122,2.4,32,1.54,1.0223123732251522,11,13,9,4,27,Lada,Granta,New,Sedan,Dark-Grey,1.7,1.5
img_1835.jpg,54.30286111111111,48.3781,129.35528391167193,339.4769746022886,121,2.4,125,1.54,1.0223123732251522,11,12,15,37,51,Chevrolet,Aveo,New,Hatch,Turquose,1.735,1.517
img_2643.jpg,54.30326111111111,48.37806388888889,141.77865448504983,95.8211965811966,121,2.4,100,1.54,1.0223123732251522,11,13,9,47,22,Mercedes,B-Class,New,Hatch,White,1.777,1.603
img_2657.jpg,54.30345555555555,48.37814722222223,143.9654144305307,263.61791967044286,122,2.4,32,1.54,1.0223123732251522,11,13,9,49,9,Renault,Logan,Old,Sedan,Blue,1.74,1.534
img_2870.jpg,54.33019166666667,48.39490555555555,182.2094637223975,70.28115847705826,461,2.4,20,1.54,1.0223123732251522,11,13,11,58,31,Cherry,Amulet,Old,Sedan,Grey,1.682,1.424
img_2858.jpg,54.32958333333334,48.395425,181.2068829113924,349.15209988649264,122,2.4,25,1.54,1.0223123732251522,11,13,11,54,35,Hyundai,Creta,New,SUV,Grey,1.78,1.63
img_2694.jpg,54.30351944444444,48.37821666666667,150.8203427307905,0.2923583984375,189,2.4,20,1.54,1.0223123732251522,11,13,9,54,37,Lada,Series_2107,Old,Sedan,Dark-Green,1.62,1.446
img_2874.jpg,54.33016111111112,48.394866666666665,182.22665210267613,75.72930903568717,571,2.4,20,1.54,1.0223123732251522,11,13,11,59,12,Cherry,Amulet,Old,Sedan,Grey,1.682,1.424
img_2860.jpg,54.33022222222223,48.39485833333333,182.31485355648536,85.70449826989619,384,2.4,20,1.54,1.0223123732251522,11,13,11,57,25,Cherry,Amulet,Old,Sedan,Grey,1.682,1.424
img_2690.jpg,54.30356944444444,48.37820833333333,152.69999914238915,0.657928466796875,168,2.4,20,1.54,1.0223123732251522,11,13,9,54,11,Lada,Series_2107,Old,Sedan,Dark-Green,1.62,1.446
img_2684.jpg,54.303577777777775,48.37823888888889,150.99878817256422,359.8327330932373,161,2.4,20,1.54,1.0223123732251522,11,13,9,53,35,Lada,Series_2107,Old,Sedan,Dark-Green,1.62,1.446
img_2492.jpg,54.301113888888885,48.37466111111111,135.24225575853853,84.0849609375,289,2.4,20,1.54,1.0223123732251522,11,13,9,13,0,Lada,Series_2112,Old,Hatch,Grey,1.68,1.42
img_1831.jpg,54.30285555555555,48.378166666666665,129.64533408514237,338.2057953873448,182,2.4,20,1.54,1.0223123732251522,11,12,15,37,12,Mitsubishi,Outlander,New,SUV,White,1.81,1.703
img_1616.jpg,54.32955277777778,48.39534444444445,180.9992363497518,334.32308970099666,1866,1.8,32,1.54,1.23529,11,7,11,12,17,Hyundai,Creta,New,SUV,Grey,1.78,1.63
img_2451.jpg,54.30115,48.37538611111111,123.52871250914411,91.05245876006568,122,2.4,50,1.54,1.0223123732251522,11,13,9,3,46,Lada,Granta,New,Sedan,Dark-Grey,1.7,1.5
img_2445.jpg,54.30175833333333,48.37623333333333,123.9675310984609,181.4534682080925,122,2.4,50,1.54,1.0223123732251522,11,13,9,1,24,Lada,Kalina,New,Hatch,Grey,1.7,1.5
img_1979.jpg,54.30193611111111,48.37507222222222,122.4593607305936,24.03045654296875,122,2.4,32,1.54,1.0223123732251522,11,12,16,18,49,Renault,Megane,New,Hatch,White,1.808,1.471
img_1951.jpg,54.302502777777775,48.37546666666667,124.2422641509434,21.217254628012576,122,2.4,32,1.54,1.0223123732251522,11,12,16,11,44,Kia,Rio,New,Sedan,Black,1.7,1.47
img_2280.jpg,54.29706944444444,48.37039444444444,120.84941197276504,121.19000248694354,121,2.4,100,1.54,1.0223123732251522,11,12,17,42,2,Datsun,Ondo,New,Sedan,Brown,1.7,1.5
img_2294.jpg,54.296252777777774,48.37116111111112,129.16901408450704,296.9654390934844,122,2.4,80,1.54,1.0223123732251522,11,12,17,48,13,Lada,Granta,New,Sedan,Dark-Blue,1.7,1.5
img_1945.jpg,54.30246666666666,48.37547222222222,124.12183374955404,6.6837158203125,122,2.4,64,1.54,1.0223123732251522,11,12,16,11,5,Kia,Rio,New,Sedan,Black,1.7,1.47
img_2519.jpg,54.30158611111111,48.37482777777778,135.06186548223351,82.73742672014811,122,2.4,25,1.54,1.0223123732251522,11,13,9,20,8,Hyundai,Creta,New,SUV,Black,1.78,1.63
img_1992.jpg,54.30193055555555,48.37464444444444,121.00298088725232,118.01299665800222,122,2.4,20,1.54,1.0223123732251522,11,12,16,20,59,Lada,Kalina,New,Hatch,Grey,1.7,1.5
img_2928.jpg,54.33000555555556,48.39391666666667,182.4119256017505,108.59152612093789,122,2.4,32,1.54,1.0223123732251522,11,13,12,6,39,Toyota,Camry,New,Sedan,Black,1.82,1.48
img_2732.jpg,54.30501944444444,48.376,130.26798049573344,351.411498973306,470,2.4,20,1.54,1.0595655220742817,11,13,10,14,23,Nissan,Almera,Old,Sedan,Grey,1.71,1.44
img_2915.jpg,54.33016944444445,48.39432222222222,182.5583855799373,101.47065548780488,695,2.4,20,1.54,1.0223123732251522,11,13,12,4,31,Lada,Samara,Old,Hatch,Grey,1.65,1.402
img_2901.jpg,54.330172222222224,48.394675,182.236508994004,178.5742340926944,282,2.4,20,1.54,1.0223123732251522,11,13,12,2,40,Nissan,Juke,New,SUV,Red,1.765,1.565
img_2256.jpg,54.29763333333333,48.371047222222224,111.83918669131238,36.58734128510966,122,2.4,100,1.54,1.0223123732251522,11,12,17,27,48,Hyundai,Solaris,New,Sedan,Grey,1.7,1.47
img_2295.jpg,54.29620833333333,48.37115833333333,129.25488232348522,291.1549835706462,122,2.4,80,1.54,1.0223123732251522,11,12,17,48,19,Lada,Granta,New,Sedan,Dark-Blue,1.7,1.5
img_1950.jpg,54.30249722222222,48.37547222222222,124.054992199688,18.391693106432072,122,2.4,32,1.54,1.0223123732251522,11,12,16,11,37,Kia,Rio,New,Sedan,Black,1.7,1.47
img_2322.jpg,54.29623055555555,48.371227777777776,124.98554507127083,297.08493031358887,122,2.4,50,1.54,1.0223123732251522,11,12,17,51,43,Honda,CR-V,Old,SUV,Dark-Yellow,1.78,1.71
img_2450.jpg,54.30116388888889,48.37533055555556,123.0441135925007,92.9513846153846,122,2.4,50,1.54,1.0223123732251522,11,13,9,3,39,Lada,Granta,New,Sedan,Dark-Grey,1.7,1.5
img_2336.jpg,54.29615,48.37142222222222,125.96769509981851,18.2265625,121,2.4,64,1.54,1.0223123732251522,11,12,17,53,23,Volkswagen,Jetta,New,Sedan,Black,1.781,1.459
img_1603.jpg,54.32944444444445,48.39533611111112,181.74959283387625,177.66459656115308,122,2.4,20,1.54,1.261050875729775,11,7,11,6,54,Lada,Niva,Old,SUV,Violet,1.68,1.64
img_2487.jpg,54.30113333333333,48.37465,137.69970703125,81.81634527089072,421,2.4,20,1.54,1.0223123732251522,11,13,9,12,26,Lada,Series_2112,Old,Hatch,Grey,1.68,1.42
img_1824.jpg,54.30285277777777,48.37816111111111,129.56962203175496,329.50785854616896,135,2.4,20,1.54,1.0223123732251522,11,12,15,36,18,Mitsubishi,Outlander,New,SUV,White,1.81,1.703
img_1818.jpg,54.30281111111111,48.37817777777778,129.31475667189952,323.5362089434112,150,2.4,20,1.54,1.0223123732251522,11,12,15,35,29,Mitsubishi,Outlander,New,SUV,White,1.81,1.703
img_2646.jpg,54.30320277777778,48.378052777777775,143.99022164276403,97.26617324561404,122,2.4,100,1.54,1.0223123732251522,11,13,9,47,45,Mercedes,B-Class,New,Hatch,White,1.777,1.603
img_2691.jpg,54.30355555555556,48.37822777777778,152.17865853658537,4.8965148885031375,165,2.4,20,1.54,1.0223123732251522,11,13,9,54,17,Lada,Series_2107,Old,Sedan,Dark-Green,1.62,1.446
img_2861.jpg,54.33019166666667,48.39488333333333,182.3664314516129,90.33750728013976,358,2.4,20,1.54,1.0223123732251522,11,13,11,57,35,Cherry,Amulet,Old,Sedan,Grey,1.682,1.424
img_2863.jpg,54.33022222222223,48.394925,182.25095471903984,92.10850327048864,361,2.4,20,1.54,1.0223123732251522,11,13,11,57,53,Cherry,Amulet,Old,Sedan,Grey,1.682,1.424
img_2650.jpg,54.30336666666666,48.37817777777778,145.22881193801416,273.36572265625,121,2.4,64,1.54,1.0223123732251522,11,13,9,48,23,Renault,Logan,Old,Sedan,Blue,1.74,1.534
img_2485.jpg,54.301113888888885,48.37468055555556,137.5306983883346,79.19290165266865,311,2.4,20,1.54,1.0223123732251522,11,13,9,12,2,Lada,Series_2112,Old,Hatch,Grey,1.68,1.42
img_1832.jpg,54.30285555555555,48.37817777777778,129.26188760806917,336.2117612977984,178,2.4,20,1.54,1.0223123732251522,11,12,15,37,20,Mitsubishi,Outlander,New,SUV,White,1.81,1.703
img_1615.jpg,54.329569444444445,48.39550277777778,180.8812481066344,338.9821472242602,1898,1.8,32,1.54,1.23529,11,7,11,12,5,Hyundai,Creta,New,SUV,Grey,1.78,1.63
img_1601.jpg,54.32943333333333,48.39530833333333,181.6146001073537,181.07705677867904,193,2.4,20,1.54,1.261050875729775,11,7,11,6,29,Lada,Niva,Old,SUV,Violet,1.68,1.64
img_2308.jpg,54.296188888888885,48.37131388888889,124.87955570982298,314.2838589981447,122,2.4,32,1.54,1.0223123732251522,11,12,17,50,3,Chevrolet,Cruze,New,Sedan,Grey,1.788,1.477
img_2320.jpg,54.29629166666666,48.37124722222222,124.80950584685024,298.1712342079689,122,2.4,64,1.54,1.0223123732251522,11,12,17,51,32,Honda,CR-V,Old,SUV,Dark-Yellow,1.78,1.71
img_2452.jpg,54.30114722222222,48.3754,123.67370517928286,98.9464406779661,122,2.4,50,1.54,1.0223123732251522,11,13,9,3,55,Lada,Granta,New,Sedan,Dark-Grey,1.7,1.5
img_2297.jpg,54.29621944444444,48.37117777777778,134.39808238636363,294.28428650749584,122,2.4,50,1.54,1.0223123732251522,11,12,17,48,32,Lada,Granta,New,Sedan,Dark-Blue,1.7,1.5
img_2268.jpg,54.29705833333333,48.37043055555556,122.2567940133911,122.4715920497892,121,2.4,100,1.54,1.0223123732251522,11,12,17,40,23,Datsun,Ondo,New,Sedan,Brown,1.7,1.5
img_1985.jpg,54.301944444444445,48.37471666666666,121.26613657623948,117.359565807327,122,2.4,25,1.54,1.0223123732251522,11,12,16,19,55,Lada,Kalina,New,Hatch,Grey,1.7,1.5
img_2254.jpg,54.29765,48.37102222222222,112.1073793755913,33.24838255977497,122,2.4,100,1.54,1.0223123732251522,11,12,17,27,37,Hyundai,Solaris,New,Sedan,Grey,1.7,1.47
img_1991.jpg,54.301925,48.374608333333335,120.8400229357798,120.99656104151316,122,2.4,25,1.54,1.0223123732251522,11,12,16,20,50,Lada,Kalina,New,Hatch,Grey,1.7,1.5
img_2903.jpg,54.33021666666667,48.394280555555554,182.2142184557439,93.413496051687,403,2.4,20,1.54,1.0223123732251522,11,13,12,3,19,Lada,Samara,Old,Hatch,Grey,1.65,1.402
img_2730.jpg,54.30501111111111,48.376,129.65376435559335,342.1417697431018,457,2.4,20,1.54,1.0595655220742817,11,13,10,14,7,Nissan,Almera,Old,Sedan,Grey,1.71,1.44
img_2725.jpg,54.30492777777778,48.37599166666666,128.27029438001784,352.89080814312155,484,2.4,20,1.54,1.0595655220742817,11,13,10,13,33,Nissan,Almera,Old,Sedan,Grey,1.71,1.44
img_2902.jpg,54.33016666666667,48.394688888888886,182.23431372549015,200.711654589372,268,2.4,20,1.54,1.0223123732251522,11,13,12,2,45,Nissan,Juke,New,SUV,Red,1.765,1.565
img_2916.jpg,54.33016666666667,48.394333333333336,182.47304236200256,92.16404535479153,639,2.4,20,1.54,1.0223123732251522,11,13,12,4,39,Lada,Samara,Old,Hatch,Grey,1.65,1.402
img_2527.jpg,54.30158611111111,48.37489722222222,130.24834070796462,104.79471397538016,167,2.4,20,1.54,1.0223123732251522,11,13,9,21,18,Hyundai,Creta,New,SUV,Black,1.78,1.63
img_2533.jpg,54.30161388888889,48.37488888888889,121.49023746701847,106.6314620995877,164,2.4,20,1.54,1.0223123732251522,11,13,9,22,26,Hyundai,Creta,New,SUV,Black,1.78,1.63
img_2255.jpg,54.29763888888888,48.371027777777776,112.2173960138648,34.44659422210442,122,2.4,100,1.54,1.0223123732251522,11,12,17,27,42,Hyundai,Solaris,New,Sedan,Grey,1.7,1.47
img_1984.jpg,54.30193611111111,48.37469166666667,121.35510965935605,110.6748275862069,122,2.4,25,1.54,1.0223123732251522,11,12,16,19,47,Lada,Kalina,New,Hatch,Grey,1.7,1.5
img_2269.jpg,54.297066666666666,48.37043055555556,122.34305859469973,118.66886902448503,122,2.4,100,1.54,1.0223123732251522,11,12,17,40,28,Datsun,Ondo,New,Sedan,Brown,1.7,1.5
img_2282.jpg,54.29606944444444,48.37124166666667,112.50456822870616,300.0043336944745,121,2.4,64,1.54,1.0223123732251522,11,12,17,46,19,Lada,Granta,New,Sedan,Dark-Blue,1.7,1.5
img_2296.jpg,54.29617777777778,48.37115833333333,130.33325952170065,298.02409362092703,122,2.4,50,1.54,1.0223123732251522,11,12,17,48,25,Lada,Granta,New,Sedan,Dark-Blue,1.7,1.5
img_2453.jpg,54.30114722222222,48.37537777777778,123.71582163875055,94.45431418274327,122,2.4,40,1.54,1.0223123732251522,11,13,9,4,4,Lada,Granta,New,Sedan,Dark-Grey,1.7,1.5
img_2321.jpg,54.29625833333333,48.371227777777776,124.97425934919865,298.37733446519525,122,2.4,64,1.54,1.0223123732251522,11,12,17,51,38,Honda,CR-V,Old,SUV,Dark-Yellow,1.78,1.71
img_1628.jpg,54.33031111111112,48.39383055555555,182.65892291446676,274.1142730102268,122,2.4,64,1.54,1.3795620437956204,11,7,11,45,55,Chevrolet,Aveo,New,Hatch,Turquose,1.735,1.517
img_2309.jpg,54.29624166666667,48.371272222222224,122.81021276595744,320.4103547459252,122,2.4,32,1.54,1.0223123732251522,11,12,17,50,14,Chevrolet,Cruze,New,Sedan,Grey,1.788,1.477
img_1600.jpg,54.32944166666667,48.39536388888889,181.62572989263515,173.65003958828186,309,2.4,20,1.54,1.261050875729775,11,7,11,5,18,Datsun,Ondo,New,Hatch,Red,1.7,1.5
img_1827.jpg,54.30283611111111,48.37812777777778,129.26172997127355,334.0400390625,154,2.4,20,1.54,1.0223123732251522,11,12,15,36,44,Mitsubishi,Outlander,New,SUV,White,1.81,1.703
img_2490.jpg,54.301113888888885,48.3747,136.24394844388556,81.75454712474738,279,2.4,20,1.54,1.0223123732251522,11,13,9,12,48,Lada,Series_2112,Old,Hatch,Grey,1.68,1.42
img_2484.jpg,54.30110833333333,48.37466388888889,136.80771979985704,73.76263440860215,378,2.4,20,1.54,1.0223123732251522,11,13,9,11,54,Lada,Series_2112,Old,Hatch,Grey,1.68,1.42
img_2651.jpg,54.30341388888888,48.37812777777778,143.29354155637904,265.87120041215866,122,2.4,64,1.54,1.0223123732251522,11,13,9,48,28,Renault,Logan,Old,Sedan,Blue,1.74,1.534
img_2645.jpg,54.30322222222222,48.378077777777776,143.0792772861357,95.29818628957884,122,2.4,80,1.54,1.0223123732251522,11,13,9,47,37,Mercedes,B-Class,New,Hatch,White,1.777,1.603
img_2686.jpg,54.30358888888889,48.37826944444444,154.49446040213377,8.033447265625,143,2.4,20,1.54,1.0223123732251522,11,13,9,53,47,Lada,Series_2107,Old,Sedan,Dark-Green,1.62,1.446
img_2876.jpg,54.33020277777778,48.39487777777778,182.358195623046,72.53768924302788,761,2.4,20,1.54,1.0223123732251522,11,13,11,59,36,Cherry,Amulet,Old,Sedan,Grey,1.682,1.424
img_2862.jpg,54.33020277777778,48.39488611111111,182.26607387140905,90.59425158641284,358,2.4,20,1.54,1.0223123732251522,11,13,11,57,44,Cherry,Amulet,Old,Sedan,Grey,1.682,1.424
img_2636.jpg,54.30323333333333,48.37828888888889,135.40489044140998,104.11872,143,2.4,20,1.54,1.0223123732251522,11,13,9,45,44,Peugeot,Series_408,Old,Sedan,Dark-Blue,1.815,1.505
img_1854.jpg,54.30197222222222,48.376422222222224,125.59260700389105,180.32868959512408,122,2.4,20,1.54,1.0223123732251522,11,12,15,44,43,Mitsubishi,Carisma,Old,Sedan,Grey,1.71,1.41
img_2385.jpg,54.30277222222222,48.37625,131.82515212981744,112.7296142578125,122,2.4,25,1.54,1.0223123732251522,11,13,8,47,56,Opel,Astra,New,Hatch,White,1.814,1.5
img_2420.jpg,54.302075,48.37648055555555,147.0433618843683,180.3246537396122,122,2.4,25,1.54,1.0223123732251522,11,13,8,57,36,Mitsubishi,Carisma,Old,Sedan,Grey,1.71,1.41
img_1883.jpg,54.30173055555555,48.37589166666667,123.73974415527128,264.8267363704257,174,2.4,20,1.54,1.0223123732251522,11,12,15,50,31,Lada,Series_2106,Old,Sedan,Yellow,1.611,1.44
img_2352.jpg,54.30261111111111,48.37629722222222,138.51439037153324,108.65739621120515,122,2.4,40,1.54,1.0223123732251522,11,13,8,42,40,Opel,Vectra,New,Sedan,Grey,1.798,1.46
img_2434.jpg,54.30163888888889,48.37630833333333,134.8737137511693,184.66167460857727,122,2.4,32,1.54,1.0223123732251522,11,13,8,59,21,Chevrolet,Niva,New,SUV,Grey,1.77,1.652
img_1673.jpg,54.33003888888889,48.394038888888886,182.424016563147,184.65768421052636,121,2.4,64,1.54,1.237315875613748,11,7,17,8,27,Toyota,RAV4,New,SUV,White,1.845,1.67
img_1667.jpg,54.33021111111111,48.39423333333333,181.6985148514852,82.35696413678065,716,2.4,20,1.54,1.3795620437956204,11,7,11,57,10,Lada,Samara,Old,Hatch,Grey,1.65,1.402
img_2408.jpg,54.30243055555555,48.37811388888889,138.08687132593076,94.05721949038892,122,2.4,40,1.54,1.0223123732251522,11,13,8,53,17,Hyundai,Solaris,New,Sedan,Black,1.7,1.47
img_2597.jpg,54.30256388888888,48.375794444444445,132.83950843727072,99.01269438273565,122,2.4,40,1.54,1.0223123732251522,11,13,9,37,41,Kia,Rio,Old,Hatch,Grey,1.695,1.47
img_2583.jpg,54.30240277777777,48.37524444444445,130.02176,209.83515910276475,125,2.4,20,1.54,1.0223123732251522,11,13,9,32,27,Lada,Largus,New,Van,Grey,1.75,1.636
img_2554.jpg,54.302525,48.37549166666667,128.50008467400508,22.14398193359375,122,2.4,40,1.54,1.0223123732251522,11,13,9,27,54,Datsun,Ondo,New,Sedan,Black,1.7,1.5
img_2568.jpg,54.30239444444444,48.37525555555556,127.20502682857948,204.67158495954308,122,2.4,25,1.54,1.0223123732251522,11,13,9,30,41,Lada,Largus,New,Van,Grey,1.75,1.636
img_1707.jpg,54.32958888888889,48.39281388888889,181.65084798506305,105.0710506424792,1020,2.4,20,1.54,1.237315875613748,11,7,17,18,1,Lada,Samara,Old,Hatch,Light-Grey,1.65,1.402
img_1713.jpg,54.32971666666667,48.39275,182.07844990548205,78.3428345209818,1065,2.4,20,1.54,1.237315875613748,11,7,17,19,33,Toyota,Camry,New,Sedan,Black,1.82,1.48
img_2795.jpg,54.30491388888888,48.37491944444445,138.17848324514992,266.6566164154104,169,2.4,20,1.54,1.0223123732251522,11,13,10,25,22,Lada,Granta,New,Sedan,Brown,1.7,1.5
img_2030.jpg,54.300125,48.37600833333333,121.25602111514353,351.9246519246519,122,2.4,25,1.54,1.0223123732251522,11,12,16,37,4,Lada,Kalina,New,Hatch,Black,1.7,1.5
img_2742.jpg,54.30495,48.376,133.01815541031226,343.7860411899313,675,2.4,20,1.54,1.0595655220742817,11,13,10,15,39,Nissan,Almera,Old,Sedan,Grey,1.71,1.44
img_2018.jpg,54.30118611111111,48.374775,120.90882718607544,260.93409742120343,122,2.4,20,1.54,1.0223123732251522,11,12,16,27,15,Toyota,Camry,New,Sedan,Grey,1.82,1.48
img_2743.jpg,54.30494722222222,48.37599166666666,133.04172932330826,345.5343777197563,510,2.4,20,1.54,1.0595655220742817,11,13,10,15,48,Nissan,Almera,Old,Sedan,Grey,1.71,1.44
img_2025.jpg,54.30008055555555,48.37602222222223,121.35340073529412,353.24951171875,122,2.4,25,1.54,1.0223123732251522,11,12,16,36,15,Lada,Kalina,New,Hatch,Black,1.7,1.5
img_2780.jpg,54.305030555555554,48.37483611111111,145.01354838709676,351.86669921875,246,2.4,20,1.54,1.0223123732251522,11,13,10,23,9,Kia,Sportage,New,SUV,Grey,1.855,1.645
img_2794.jpg,54.304925,48.374925,137.99263585576435,264.7480166225916,169,2.4,20,1.54,1.0223123732251522,11,13,10,25,15,Lada,Granta,New,Sedan,Brown,1.7,1.5
img_1712.jpg,54.32961944444445,48.392808333333335,181.7373540856031,103.58709338929695,1170,2.4,20,1.54,1.237315875613748,11,7,17,19,0,Lada,Samara,Old,Hatch,Light-Grey,1.65,1.402
img_1909.jpg,54.30177777777777,48.37613611111111,124.35061568373298,345.7411957411957,224,2.4,20,1.54,1.0223123732251522,11,12,15,57,17,Renault,Koleos,New,SUV,Black,1.843,1.678
img_1921.jpg,54.30160833333333,48.374805555555554,121.8596395412343,280.7399598393574,143,2.4,20,1.54,1.0223123732251522,11,12,16,0,30,Peugeot,Series_308,New,Hatch,Grey,1.815,1.498
img_1666.jpg,54.33020833333334,48.39422222222222,182.21126619138468,37.776885986328125,705,2.4,20,1.54,1.3795620437956204,11,7,11,56,56,Lada,Samara,Old,Hatch,Grey,1.65,1.402
img_2409.jpg,54.30240555555555,48.37817777777778,138.17823834196892,95.93801789857474,122,2.4,50,1.54,1.0223123732251522,11,13,8,53,23,Hyundai,Solaris,New,Sedan,Black,1.7,1.47
img_1672.jpg,54.33007777777778,48.394038888888886,181.70900609974885,177.42313395946613,122,2.4,50,1.54,1.237315875613748,11,7,17,8,11,Toyota,RAV4,New,SUV,White,1.845,1.67
img_1882.jpg,54.30174722222222,48.37588888888889,123.73371212121212,269.1882018846005,194,2.4,20,1.54,1.0223123732251522,11,12,15,50,23,Lada,Series_2106,Old,Sedan,Yellow,1.611,1.44
img_1896.jpg,54.30172777777778,48.37643888888889,124.56516443361754,344.3499908138894,122,2.4,50,1.54,1.0223123732251522,11,12,15,52,45,Kia,Spectra,New,Sedan,Dark-Blue,1.72,1.415
img_2347.jpg,54.29728611111111,48.37557222222223,131.52627939142462,120.91423423423424,122,2.4,50,1.54,1.0223123732251522,11,12,17,59,59,Kia,Rio,New,Hatch,Black,1.7,1.47
img_1841.jpg,54.30291111111111,48.378075,129.45872641509433,331.4768219178082,111,2.4,200,1.54,1.0223123732251522,11,12,15,38,50,Chevrolet,Aveo,New,Hatch,Turquose,1.735,1.517
img_2390.jpg,54.302875,48.37622777777778,131.39307760141094,263.79959100204496,122,2.4,32,1.54,1.0223123732251522,11,13,8,48,42,Skoda,Octavia,New,Sedan,Grey,1.731,1.431
img_2384.jpg,54.3028,48.37625,131.2840379959024,118.48316183348923,122,2.4,25,1.54,1.0223123732251522,11,13,8,47,48,Opel,Astra,New,Hatch,White,1.814,1.5
img_2623.jpg,54.30328333333333,48.37814722222223,137.94196701282834,93.03881742270369,122,2.4,25,1.54,1.0223123732251522,11,13,9,44,16,Peugeot,Series_408,Old,Sedan,Dark-Blue,1.815,1.505
img_2635.jpg,54.303244444444445,48.3783,135.9864518491395,99.63696202531644,144,2.4,20,1.54,1.0223123732251522,11,13,9,45,31,Peugeot,Series_408,Old,Sedan,Dark-Blue,1.815,1.505
img_2621.jpg,54.30257777777778,48.37583611111111,141.08763440860216,263.5402219140083,122,2.4,40,1.54,1.0223123732251522,11,13,9,40,55,Toyota,Carib,Old,Universal,Blue,1.695,1.46
img_1857.jpg,54.30197222222222,48.37643333333333,125.41631009312862,171.11032863849766,122,2.4,25,1.54,1.0223123732251522,11,12,15,45,7,Mitsubishi,Carisma,Old,Sedan,Grey,1.71,1.41
img_2437.jpg,54.30166944444444,48.376305555555554,131.41368194842406,194.29779812513627,122,2.4,32,1.54,1.0223123732251522,11,13,8,59,40,Chevrolet,Niva,New,SUV,Grey,1.77,1.652
img_1658.jpg,54.33023333333334,48.39398055555556,182.77967097532317,331.2219085262564,252,2.4,20,1.54,1.3795620437956204,11,7,11,54,24,Datsun,Ondo,New,Sedan,Black,1.7,1.5
img_2345.jpg,54.29731666666667,48.37552222222222,129.79554140127388,127.47441104792853,122,2.4,25,1.54,1.0223123732251522,11,12,17,59,47,Kia,Rio,New,Hatch,Black,1.7,1.47
img_2423.jpg,54.301991666666666,48.37650277777778,147.24993518278455,177.24406424581005,122,2.4,25,1.54,1.0223123732251522,11,13,8,57,54,Mitsubishi,Carisma,Old,Sedan,Grey,1.71,1.41
img_1937.jpg,54.30161388888889,48.374775,121.46825369000456,202.34693127526648,163,2.4,20,1.54,1.0223123732251522,11,12,16,3,30,Citroen,Berlingo,New,Van,Red,1.81,1.801
img_2796.jpg,54.304877777777776,48.37491944444445,136.8343555342597,267.44891354600094,207,2.4,20,1.54,1.0223123732251522,11,13,10,25,39,Lada,Granta,New,Sedan,Brown,1.7,1.5
img_2027.jpg,54.30013333333333,48.376025,121.33484104419746,351.54244977316915,122,2.4,25,1.54,1.0223123732251522,11,12,16,36,37,Lada,Kalina,New,Hatch,Black,1.7,1.5
img_2741.jpg,54.30495,48.37600277777778,134.67113451412158,347.28063943161635,527,2.4,20,1.54,1.0595655220742817,11,13,10,15,26,Nissan,Almera,Old,Sedan,Grey,1.71,1.44
img_2755.jpg,54.30497777777777,48.37585833333333,134.58289124668434,250.0523834468308,358,2.4,20,1.54,1.0223123732251522,11,13,10,17,21,Lada,Series_2107,Old,Sedan,Violet,1.62,1.446
img_2026.jpg,54.30009166666667,48.376044444444446,121.3761484417222,352.08807339449544,122,2.4,25,1.54,1.0223123732251522,11,12,16,36,22,Lada,Kalina,New,Hatch,Black,1.7,1.5
img_2797.jpg,54.30489444444444,48.37495,136.70321951219512,263.7286681715576,157,2.4,20,1.54,1.0223123732251522,11,13,10,25,50,Lada,Granta,New,Sedan,Brown,1.7,1.5
img_2783.jpg,54.30506111111111,48.37495833333333,152.14484574868322,347.7301636307502,212,2.4,20,1.54,1.0223123732251522,11,13,10,23,36,Kia,Sportage,New,SUV,Grey,1.855,1.645
img_1711.jpg,54.32961388888889,48.39278333333333,181.79365904365903,111.6097736255839,959,2.4,20,1.54,1.237315875613748,11,7,17,18,51,Lada,Samara,Old,Hatch,Light-Grey,1.65,1.402
img_1922.jpg,54.30158888888889,48.37478333333333,121.71807415036044,277.69984447900464,126,2.4,20,1.54,1.0223123732251522,11,12,16,0,38,Peugeot,Series_308,New,Hatch,Grey,1.815,1.498
img_2581.jpg,54.30237222222222,48.37531944444444,131.06185210780927,213.6540605095541,145,2.4,20,1.54,1.0223123732251522,11,13,9,32,11,Lada,Largus,New,Van,Grey,1.75,1.636
img_2378.jpg,54.302727777777775,48.37618888888889,132.35335948994606,106.95976447497549,122,2.4,32,1.54,1.0223123732251522,11,13,8,47,2,Opel,Astra,New,Hatch,White,1.814,1.5
img_1665.jpg,54.33021111111111,48.39419166666666,181.43304887509697,97.78660299107705,695,2.4,20,1.54,1.3795620437956204,11,7,11,56,44,Lada,Samara,Old,Hatch,Grey,1.65,1.402
img_2344.jpg,54.29733333333333,48.375502777777776,128.2879213483146,132.5732956552455,122,2.4,25,1.54,1.0223123732251522,11,12,17,59,42,Kia,Rio,New,Hatch,Black,1.7,1.47
img_2422.jpg,54.30204444444444,48.37646111111111,147.07421074210745,182.3942031954117,122,2.4,25,1.54,1.0223123732251522,11,13,8,57,47,Mitsubishi,Carisma,Old,Sedan,Grey,1.71,1.41
img_2436.jpg,54.30161944444444,48.37628888888889,133.5856142584341,182.9649430324277,122,2.4,32,1.54,1.0223123732251522,11,13,8,59,32,Chevrolet,Niva,New,SUV,Grey,1.77,1.652
img_2350.jpg,54.301944444444445,48.376488888888886,138.92209536601746,162.9701386420192,121,2.4,100,1.54,1.0223123732251522,11,12,18,11,20,Chevrolet,Lacetti,New,Hatch,Red,1.725,1.445
img_1881.jpg,54.30174722222222,48.37586944444445,123.95178849144637,267.564422648239,199,2.4,20,1.54,1.0223123732251522,11,12,15,50,15,Lada,Series_2106,Old,Sedan,Yellow,1.611,1.44
img_1856.jpg,54.301975,48.37643888888889,125.40023428348302,170.790695164076,123,2.4,20,1.54,1.0223123732251522,11,12,15,45,0,Mitsubishi,Carisma,Old,Sedan,Grey,1.71,1.41
img_2608.jpg,54.30251666666666,48.37594722222222,131.72363423897167,88.80422977993713,122,2.4,50,1.54,1.0223123732251522,11,13,9,38,57,Kia,Rio,Old,Hatch,Grey,1.695,1.47
img_2620.jpg,54.30258611111111,48.375794444444445,141.60391061452515,263.04872107186355,122,2.4,32,1.54,1.0223123732251522,11,13,9,40,50,Toyota,Carib,Old,Universal,Blue,1.695,1.46
img_2634.jpg,54.303238888888885,48.378302777777776,135.6922406277245,103.82281791435108,149,2.4,20,1.54,1.0223123732251522,11,13,9,45,25,Peugeot,Series_408,Old,Sedan,Dark-Blue,1.815,1.505
img_2630.jpg,54.30328333333333,48.37837222222223,135.02379796017485,89.33840947546531,139,2.4,20,1.54,1.0223123732251522,11,13,9,45,0,Peugeot,Series_408,Old,Sedan,Dark-Blue,1.815,1.505
img_2624.jpg,54.30331111111111,48.37829166666667,134.05947210157032,85.1348876953125,122,2.4,32,1.54,1.0223123732251522,11,13,9,44,23,Peugeot,Series_408,Old,Sedan,Dark-Blue,1.815,1.505
img_2397.jpg,54.30280277777778,48.37620833333333,128.52140410958904,109.25396728515624,122,2.4,50,1.54,1.0223123732251522,11,13,8,49,40,Lada,Samara,Old,Sedan,Black,1.65,1.402
img_2383.jpg,54.30280555555555,48.37625833333333,131.42566709021602,114.63691322901848,122,2.4,32,1.54,1.0223123732251522,11,13,8,47,42,Opel,Astra,New,Hatch,White,1.814,1.5
img_1675.jpg,54.33004722222223,48.39398611111111,182.4051740182393,173.09519184069936,122,2.4,50,1.54,1.237315875613748,11,7,17,8,48,Toyota,RAV4,New,SUV,White,1.845,1.67
img_1885.jpg,54.30175,48.376019444444445,124.1321225071225,262.10182207931405,171,2.4,20,1.54,1.0223123732251522,11,12,15,50,53,Lada,Series_2106,Old,Sedan,Yellow,1.611,1.44
img_2432.jpg,54.30166944444444,48.37638055555556,136.23884057971014,181.41394025604552,122,2.4,64,1.54,1.0223123732251522,11,13,8,59,6,Chevrolet,Niva,New,SUV,Grey,1.77,1.652
img_2426.jpg,54.30195277777778,48.376475,147.89704918032783,176.99139414802065,122,2.4,32,1.54,1.0223123732251522,11,13,8,58,12,Mitsubishi,Carisma,Old,Sedan,Grey,1.71,1.41
img_1649.jpg,54.33020277777778,48.393975,182.61969365426697,342.6537019681349,516,2.4,20,1.54,1.3795620437956204,11,7,11,51,48,Datsun,Ondo,New,Sedan,Black,1.7,1.5
img_1932.jpg,54.301625,48.37480833333333,121.4295415959253,271.06517016654595,122,2.4,25,1.54,1.0223123732251522,11,12,16,2,24,Ford,Fusion,New,Hatch,Dark-Blue,1.724,1.543
img_1926.jpg,54.301602777777774,48.37483611111111,121.88479965156796,281.8186490455213,133,2.4,20,1.54,1.0223123732251522,11,12,16,1,7,Peugeot,Series_308,New,Hatch,Grey,1.815,1.498
img_1715.jpg,54.32972222222222,48.39276944444445,181.91924319335487,82.60263066805123,1453,2.4,20,1.54,1.237315875613748,11,7,17,20,16,Toyota,Camry,New,Sedan,Black,1.82,1.48
img_2787.jpg,54.304966666666665,48.37503888888889,143.6949304620906,267.4712525667352,122,2.4,20,1.54,1.0223123732251522,11,13,10,24,28,Lada,Granta,New,Sedan,Brown,1.7,1.5
img_2793.jpg,54.30493888888888,48.37493888888889,139.12481051035877,266.94317605276507,139,2.4,20,1.54,1.0223123732251522,11,13,10,25,2,Lada,Granta,New,Sedan,Brown,1.7,1.5
img_2750.jpg,54.304991666666666,48.3759,135.06421256573483,256.5160674514795,452,2.4,20,1.54,1.0223123732251522,11,13,10,16,53,Lada,Series_2107,Old,Sedan,Violet,1.62,1.446
img_2751.jpg,54.30497222222222,48.37586666666667,134.94403594771242,248.3087464731963,436,2.4,20,1.54,1.0223123732251522,11,13,10,16,59,Lada,Series_2107,Old,Sedan,Violet,1.62,1.446
img_2745.jpg,54.30503888888889,48.37595833333334,134.14671310404876,260.35211181640625,484,2.4,20,1.54,1.0595655220742817,11,13,10,16,14,Lada,Series_2107,Old,Sedan,Violet,1.62,1.446
img_2779.jpg,54.30501944444444,48.37486666666667,142.19459962756054,353.13464337700145,224,2.4,20,1.54,1.0223123732251522,11,13,10,22,45,Kia,Sportage,New,SUV,Grey,1.855,1.645
img_2792.jpg,54.30495555555555,48.37494722222223,139.68518496582604,261.36810279667424,138,2.4,20,1.54,1.0223123732251522,11,13,10,24,57,Lada,Granta,New,Sedan,Brown,1.7,1.5
img_2786.jpg,54.30508888888889,48.37481944444445,151.6967455621302,348.02874743326487,213,2.4,20,1.54,1.0223123732251522,11,13,10,24,5,Kia,Sportage,New,SUV,Grey,1.855,1.645
img_2553.jpg,54.30248333333333,48.37553055555556,129.44119036372226,20.271026592455165,122,2.4,50,1.54,1.0223123732251522,11,13,9,27,44,Datsun,Ondo,New,Sedan,Black,1.7,1.5
img_2547.jpg,54.30244166666667,48.37553055555556,132.93181283799672,19.62249755859375,122,2.4,32,1.54,1.0223123732251522,11,13,9,27,1,Datsun,Ondo,New,Sedan,Black,1.7,1.5
img_1700.jpg,54.32957777777778,48.39260555555556,182.40526315789472,186.81586460032625,134,2.4,20,1.54,1.237315875613748,11,7,17,16,28,Suzuki,GrandVitara,New,SUV,Grey,1.81,1.695
img_1714.jpg,54.32973055555556,48.39277777777778,181.63906856403625,80.53408805031447,5988,2.4,20,1.54,1.237315875613748,11,7,17,19,53,Toyota,Camry,New,Sedan,Black,1.82,1.48
img_2590.jpg,54.30256388888888,48.375841666666666,135.63132619135575,186.46668253212755,122,2.4,20,1.54,1.0223123732251522,11,13,9,36,39,Volkswagen,Polo,New,Sedan,White,1.699,1.467
img_1927.jpg,54.30158888888889,48.374833333333335,121.88606726149622,282.7134703196347,166,2.4,20,1.54,1.0223123732251522,11,12,16,1,14,Peugeot,Series_308,New,Hatch,Grey,1.815,1.498
img_1933.jpg,54.30163055555556,48.37480833333333,121.13334976583684,203.9673157162726,122,2.4,20,1.54,1.0223123732251522,11,12,16,2,55,Citroen,Berlingo,New,Van,Red,1.81,1.801
img_2584.jpg,54.30258055555555,48.37594722222222,129.05595344673233,187.01589193484307,130,2.4,20,1.54,1.0223123732251522,11,13,9,35,42,Volkswagen,Polo,New,Sedan,White,1.699,1.467
img_2427.jpg,54.30196111111111,48.37647222222223,147.6861646234676,178.90641786824992,122,2.4,32,1.54,1.0223123732251522,11,13,8,58,17,Mitsubishi,Carisma,Old,Sedan,Grey,1.71,1.41
img_1890.jpg,54.30173611111111,48.37596111111111,123.96098525710175,263.4786069651741,378,2.4,20,1.54,1.0223123732251522,11,12,15,51,28,Lada,Series_2106,Old,Sedan,Yellow,1.611,1.44
img_2341.jpg,54.29631388888889,48.37135833333333,123.733590087073,18.24996947124191,122,2.4,64,1.54,1.0223123732251522,11,12,17,54,9,Volkswagen,Jetta,New,Sedan,Black,1.781,1.459
img_1674.jpg,54.33002777777778,48.39403055555555,182.5348627980207,175.0900039824771,122,2.4,64,1.54,1.237315875613748,11,7,17,8,36,Toyota,RAV4,New,SUV,White,1.845,1.67
img_2369.jpg,54.30280555555555,48.37634166666667,136.29952788949117,115.31900026874496,122,2.4,40,1.54,1.0223123732251522,11,13,8,45,13,Lada,Kalina,New,Hatch,Blue,1.7,1.5
img_1853.jpg,54.30240277777777,48.37815,128.2051934826884,83.490966796875,122,2.4,20,1.54,1.0223123732251522,11,12,15,42,11,Hyundai,Solaris,New,Sedan,Black,1.7,1.47
img_1847.jpg,54.30243333333333,48.37811944444445,128.13056120965396,93.26716808371484,122,2.4,25,1.54,1.0223123732251522,11,12,15,40,47,Hyundai,Solaris,New,Sedan,Black,1.7,1.47
img_2625.jpg,54.303288888888886,48.37835555555556,134.38482000354674,79.3968505859375,122,2.4,40,1.54,1.0223123732251522,11,13,9,44,28,Peugeot,Series_408,Old,Sedan,Dark-Blue,1.815,1.505
img_2631.jpg,54.30328333333333,48.37836111111111,135.78782983306408,92.69268711130174,142,2.4,20,1.54,1.0223123732251522,11,13,9,45,5,Peugeot,Series_408,Old,Sedan,Dark-Blue,1.815,1.505
img_2627.jpg,54.3033,48.37835555555556,132.44339739615623,83.32302855645796,122,2.4,20,1.54,1.0223123732251522,11,13,9,44,42,Peugeot,Series_408,Old,Sedan,Dark-Blue,1.815,1.505
img_1845.jpg,54.30246388888889,48.37817777777778,128.41643389199254,52.51547244745987,122,2.4,20,1.54,1.0223123732251522,11,12,15,40,16,Toyota,Corolla,New,Sedan,Black,1.775,1.465
img_1676.jpg,54.33002777777778,48.39398055555556,182.7223326706428,174.51449588922543,122,2.4,50,1.54,1.237315875613748,11,7,17,8,57,Toyota,RAV4,New,SUV,White,1.845,1.67
img_1662.jpg,54.33015833333334,48.39407222222222,182.32123850991772,34.878173828125,888,2.4,20,1.54,1.3795620437956204,11,7,11,55,44,Renault,Captur,New,SUV,White,1.813,1.613
img_1886.jpg,54.301738888888885,48.376,124.2961316140507,266.13922117587174,174,2.4,20,1.54,1.0223123732251522,11,12,15,51,1,Lada,Series_2106,Old,Sedan,Yellow,1.611,1.44
img_1925.jpg,54.301605555555554,48.37483611111111,121.87447054293416,277.8016661326498,141,2.4,20,1.54,1.0223123732251522,11,12,16,1,0,Peugeot,Series_308,New,Hatch,Grey,1.815,1.498
img_2586.jpg,54.30260833333333,48.37587777777778,130.1100375738057,184.96514122273865,124,2.4,20,1.54,1.0223123732251522,11,13,9,35,56,Volkswagen,Polo,New,Sedan,White,1.699,1.467
img_2579.jpg,54.30236388888888,48.37527222222222,129.74647943992915,207.65525824517732,155,2.4,20,1.54,1.0223123732251522,11,13,9,31,55,Lada,Largus,New,Van,Grey,1.75,1.636
img_2021.jpg,54.30012222222222,48.37603055555556,121.23344709897611,345.3522491349481,122,2.4,50,1.54,1.0223123732251522,11,12,16,35,46,Lada,Kalina,New,Hatch,Black,1.7,1.5
img_2747.jpg,54.30500277777777,48.37589722222222,137.3557224922669,256.35623159960744,510,2.4,20,1.54,1.0595655220742817,11,13,10,16,27,Lada,Series_2107,Old,Sedan,Violet,1.62,1.446
img_2008.jpg,54.30195555555555,48.37463055555556,121.22940627914204,113.15725326991677,122,2.4,25,1.54,1.0223123732251522,11,12,16,24,36,Lada,Kalina,New,Hatch,Grey,1.7,1.5
img_2791.jpg,54.30497222222222,48.374969444444446,140.3635303265941,260.15043653458696,136,2.4,20,1.54,1.0223123732251522,11,13,10,24,50,Lada,Granta,New,Sedan,Brown,1.7,1.5
img_2544.jpg,54.30190277777778,48.37475833333333,126.49435736677115,285.25135802469134,146,2.4,20,1.54,1.0223123732251522,11,13,9,25,15,Lada,Samara,Old,Hatch,Grey,1.65,1.402
img_2550.jpg,54.30247222222222,48.37555833333333,131.9814606741573,20.1236572265625,121,2.4,64,1.54,1.0223123732251522,11,13,9,27,25,Datsun,Ondo,New,Sedan,Black,1.7,1.5
img_2578.jpg,54.30235555555555,48.375277777777775,129.25793081460228,210.5247801758593,125,2.4,20,1.54,1.0223123732251522,11,13,9,31,49,Lada,Largus,New,Van,Grey,1.75,1.636
img_1930.jpg,54.30163611111111,48.374805555555554,121.68726428778648,270.4638826185102,153,2.4,20,1.54,1.0223123732251522,11,12,16,2,7,Ford,Fusion,New,Hatch,Dark-Blue,1.724,1.543
img_1924.jpg,54.30161944444444,48.37486388888889,121.71097770154374,275.3492131008082,122,2.4,25,1.54,1.0223123732251522,11,12,16,0,51,Peugeot,Series_308,New,Hatch,Grey,1.815,1.498
img_2593.jpg,54.30255833333333,48.37583611111111,136.75439783491206,183.62875375375376,140,2.4,20,1.54,1.0223123732251522,11,13,9,36,58,Volkswagen,Polo,New,Sedan,White,1.699,1.467
img_1918.jpg,54.30159722222222,48.374833333333335,121.63971992361552,277.4005431093008,141,2.4,20,1.54,1.0223123732251522,11,12,16,0,6,Peugeot,Series_308,New,Hatch,Grey,1.815,1.498
img_2430.jpg,54.30172222222222,48.37646111111111,138.7275165385303,181.5209427007707,122,2.4,50,1.54,1.0223123732251522,11,13,8,58,55,Chevrolet,Niva,New,SUV,Grey,1.77,1.652
img_1887.jpg,54.30174722222222,48.37598888888889,124.03871928518242,261.36112979152654,182,2.4,20,1.54,1.0223123732251522,11,12,15,51,9,Lada,Series_2106,Old,Sedan,Yellow,1.611,1.44
img_1893.jpg,54.301738888888885,48.376441666666665,124.5164769322948,347.4477234401349,121,2.4,80,1.54,1.0223123732251522,11,12,15,52,13,Kia,Spectra,New,Sedan,Dark-Blue,1.72,1.415
img_2342.jpg,54.29736388888889,48.37547777777778,126.03938067990576,134.74797441364606,122,2.4,25,1.54,1.0223123732251522,11,12,17,59,29,Kia,Rio,New,Hatch,Black,1.7,1.47
img_1677.jpg,54.33002222222223,48.39396944444445,182.88456549935148,170.90471653168174,122,2.4,50,1.54,1.237315875613748,11,7,17,9,10,Toyota,RAV4,New,SUV,White,1.845,1.67
img_2418.jpg,54.30240277777777,48.37818888888889,134.72637106184365,103.5671950379049,122,2.4,25,1.54,1.0223123732251522,11,13,8,54,48,Hyundai,Elantra,Old,Sedan,Yellow,1.72,1.425
img_1850.jpg,54.30238333333333,48.37818055555556,128.02197992384907,74.58236698499317,122,2.4,20,1.54,1.0223123732251522,11,12,15,41,31,Hyundai,Solaris,New,Sedan,Black,1.7,1.47
img_1688.jpg,54.32955277777778,48.39264166666667,181.64318813716403,185.61779769526248,129,2.4,20,1.54,1.237315875613748,11,7,17,13,39,Toyota,RAV4,New,SUV,White,1.845,1.67
img_1878.jpg,54.30173055555555,48.37594166666667,124.1048926434354,270.23793028794114,207,2.4,20,1.54,1.0223123732251522,11,12,15,49,30,Lada,Series_2106,Old,Sedan,Yellow,1.611,1.44
img_2754.heic,54.307094444444445,48.36192222222223,101.19211576846308,71.02725225225225,25,2.4,1600,1.55,1.03279,12,10,21,31,39,Audi,A6,New,Sedan,Black,1.874,1.455
img_2685.heic,54.30708333333333,48.36190833333333,101.19211576846308,318.8861236802413,25,2.4,1250,1.55,1.03279,12,10,21,14,51,Nissan,Almera,Old,Sedan,Black,1.71,1.44
img_2735.heic,54.30708333333333,48.361916666666666,101.19211576846308,315.6587374199451,13,2.4,1000,1.55,1.03279,12,10,21,24,54,Kia,Rio,New,Hatch,Black,1.7,1.47
img_2723.heic,54.307094444444445,48.36192777777778,101.19211576846308,303.41632088520055,25,2.4,2000,1.55,1.03279,12,10,21,22,39,Kia,Rio,New,Hatch,Black,1.7,1.47
img_2722.heic,54.30709722222222,48.36188888888889,101.19211576846308,304.3583678296866,25,2.4,2000,1.55,1.03279,12,10,21,22,27,Kia,Rio,New,Hatch,Black,1.7,1.47
img_2688.heic,54.30706388888888,48.361919444444446,101.19211576846308,311.8130795510005,25,2.4,1250,1.55,1.03279,12,10,21,15,28,Nissan,Almera,Old,Sedan,Black,1.71,1.44
img_2734.heic,54.30708333333333,48.361916666666666,101.19211576846308,317.38922119140625,13,2.4,1000,1.55,1.03279,12,10,21,24,42,Kia,Rio,New,Hatch,Black,1.7,1.47
img_2738.heic,54.30708611111111,48.36193333333333,101.19211576846308,317.3881223755249,10,2.4,800,1.55,1.03279,12,10,21,25,32,Kia,Rio,New,Hatch,Black,1.7,1.47
img_2714.heic,54.307091666666665,48.36192222222223,101.19211576846308,295.7594146761351,13,2.4,1000,1.55,1.03279,12,10,21,20,49,Kia,Rio,New,Hatch,Black,1.7,1.47
img_2743.heic,54.30705,48.361891666666665,101.19211576846308,105.37484548825712,25,2.4,2000,1.55,1.03279,12,10,21,27,3,Audi,A6,New,Sedan,Black,1.874,1.455
img_2709.heic,54.307094444444445,48.36193055555556,101.19211576846308,295.158615136876,13,2.4,1000,1.55,1.03279,12,10,21,19,41,Kia,Rio,New,Hatch,Black,1.7,1.47
img_2748.heic,54.30710555555555,48.36188888888889,101.19211576846308,109.55246166263116,25,2.4,2000,1.55,1.03279,12,10,21,28,17,Audi,A6,New,Sedan,Black,1.874,1.455
img_2676.heic,54.307025,48.361875000000005,101.19211576846308,171.10430916552667,13,2.4,1000,1.55,1.03279,12,10,21,12,51,Lada,Series_2112,Old,Hatch,Dark-Grey,1.68,1.42
img_2699.heic,54.30708333333333,48.361916666666666,101.19211576846308,316.8172757475083,25,2.4,1250,1.55,1.03279,12,10,21,17,28,Nissan,Almera,Old,Sedan,Black,1.71,1.44
img_2733.heic,54.30708333333333,48.361916666666666,101.19211576846308,317.3364565587734,13,2.4,800,1.55,1.03279,12,10,21,24,33,Kia,Rio,New,Hatch,Black,1.7,1.47
img_2705.heic,54.30705555555555,48.361891666666665,101.19211576846308,296.4645994832041,25,2.4,1600,1.55,1.03279,12,10,21,18,27,Nissan,Almera,Old,Sedan,Black,1.71,1.44
img_2744.heic,54.30707222222222,48.361919444444446,101.19211576846308,106.40032197477863,25,2.4,2000,1.55,1.03279,12,10,21,27,33,Audi,A6,New,Sedan,Black,1.874,1.455
img_2695.heic,54.30708055555555,48.361916666666666,101.19211576846308,320.10272213662046,13,2.4,800,1.55,1.03279,12,10,21,16,44,Nissan,Almera,Old,Sedan,Black,1.71,1.44
img_2683.heic,54.30706111111111,48.36186944444445,101.19211576846308,315.9432066404543,25,2.4,1250,1.55,1.03279,12,10,21,14,32,Nissan,Almera,Old,Sedan,Black,1.71,1.44
img_2729.heic,54.30710555555555,48.36187777777778,101.19211576846308,321.26158146964855,25,2.4,1600,1.55,1.03279,12,10,21,23,48,Kia,Rio,New,Hatch,Black,1.7,1.47
img_2682.heic,54.307094444444445,48.36192222222223,101.19212346993082,318.34234627126034,25,2.4,1250,1.55,1.03279,12,10,21,14,2,Nissan,Almera,Old,Sedan,Black,1.71,1.44
img_2694.heic,54.30708333333333,48.361919444444446,101.19211576846308,314.4727171492205,25,2.4,1250,1.55,1.03279,12,10,21,16,31,Nissan,Almera,Old,Sedan,Black,1.71,1.44
img_2745.heic,54.307025,48.36188055555556,101.19211576846308,125.61495983935744,25,2.4,2000,1.55,1.03279,12,10,21,27,44,Audi,A6,New,Sedan,Black,1.874,1.455
img_2724.heic,54.30712222222222,48.36190277777778,101.19211576846308,301.51992807911296,25,2.4,2000,1.55,1.03279,12,10,21,22,51,Kia,Rio,New,Hatch,Black,1.7,1.47
img_2749.heic,54.30710555555555,48.36196111111112,101.19211576846308,133.0962370962371,25,2.4,2000,1.55,1.03279,12,10,21,28,25,Audi,A6,New,Sedan,Black,1.874,1.455
img_2727.heic,54.307091666666665,48.36187777777778,101.19211576846308,322.9924924924925,25,2.4,1600,1.55,1.03279,12,10,21,23,31,Kia,Rio,New,Hatch,Black,1.7,1.47
img_2681.heic,54.30704166666666,48.3619,101.19214639725506,316.4709167054444,25,2.4,1250,1.55,1.03279,12,10,21,13,53,Nissan,Almera,Old,Sedan,Black,1.71,1.44
img_2678.heic,54.30685555555555,48.36178611111112,101.86267543080476,176.13719943422913,13,2.4,1000,1.55,1.03279,12,10,21,13,10,Lada,Series_2112,Old,Hatch,Dark-Grey,1.68,1.42
img_2746.heic,54.30707222222222,48.36193333333333,101.19211576846308,131.35434717657603,25,2.4,2000,1.55,1.03279,12,10,21,27,55,Audi,A6,New,Sedan,Black,1.874,1.455
img_2751.heic,54.30708333333333,48.361916666666666,101.19211576846308,118.73302469135804,25,2.4,1600,1.55,1.03279,12,10,21,28,45,Audi,A6,New,Sedan,Black,1.874,1.455
img_2747.heic,54.307091666666665,48.361916666666666,101.19211576846308,131.0232009437672,25,2.4,2000,1.55,1.03279,12,10,21,28,5,Audi,A6,New,Sedan,Black,1.874,1.455
img_2710.heic,54.30710277777777,48.36188055555556,101.19211576846308,295.2091827364555,13,2.4,1000,1.55,1.03279,12,10,21,19,54,Kia,Rio,New,Hatch,Black,1.7,1.47
img_2696.heic,54.30708055555555,48.36192222222223,101.19211576846308,318.1580047789725,13,2.4,1000,1.55,1.03279,12,10,21,16,55,Nissan,Almera,Old,Sedan,Black,1.71,1.44
img_2680.heic,54.30693333333333,48.36183611111111,101.20401757689892,168.86492922344226,13,2.4,1000,1.55,1.03279,12,10,21,13,32,Lada,Series_2112,Old,Hatch,Dark-Grey,1.68,1.42
img_2730.heic,54.307094444444445,48.36190833333333,101.19211576846308,317.90834021469857,25,2.4,2000,1.55,1.03279,12,10,21,23,58,Kia,Rio,New,Hatch,Black,1.7,1.47
img_2675.heic,54.30690277777777,48.36181388888889,101.19211576846308,166.85620880004288,13,2.4,1000,1.55,1.03279,12,10,21,12,30,Lada,Series_2112,Old,Hatch,Dark-Grey,1.68,1.42
img_2726.heic,54.30708055555555,48.361916666666666,101.19211576846308,317.99734513274336,25,2.4,1600,1.55,1.03279,12,10,21,23,14,Kia,Rio,New,Hatch,Black,1.7,1.47
img_2687.heic,54.30708333333333,48.36191111111111,101.19211576846308,312.6087798579729,25,2.4,1250,1.55,1.03279,12,10,21,15,15,Nissan,Almera,Old,Sedan,Black,1.71,1.44
img_2691.heic,54.30708333333333,48.36192222222223,101.19211576846308,319.6800382043935,25,2.4,1250,1.55,1.03279,12,10,21,16,3,Nissan,Almera,Old,Sedan,Black,1.71,1.44
img_2740.heic,54.30711111111111,48.36188611111111,101.19211576846308,316.06408706166866,8,2.4,1000,1.55,1.03279,12,10,21,25,59,Kia,Rio,New,Hatch,Black,1.7,1.47
img_2756.heic,54.30708611111111,48.361919444444446,101.19211576846308,13.420074462890623,25,2.4,1600,1.55,1.03279,12,10,21,32,0,Audi,A6,New,Sedan,Black,1.874,1.455
img_2701.heic,54.30707222222222,48.36192777777778,101.19211576846308,317.23051470588234,25,2.4,1250,1.55,1.03279,12,10,21,17,48,Nissan,Almera,Old,Sedan,Black,1.71,1.44
img_2721.heic,54.30709722222222,48.36188611111111,101.19211576846308,299.6737668161435,25,2.4,2000,1.55,1.03279,12,10,21,22,16,Kia,Rio,New,Hatch,Black,1.7,1.47
img_2737.heic,54.307091666666665,48.36195277777778,101.19211576846308,314.98364231188657,13,2.4,1000,1.55,1.03279,12,10,21,25,20,Kia,Rio,New,Hatch,Black,1.7,1.47
img_2672.heic,54.30691944444444,48.36174444444445,101.19211576846308,326.5121152586772,13,2.4,1000,1.55,1.03279,12,10,21,11,34,Lada,Series_2112,Old,Hatch,Dark-Grey,1.68,1.42
img_2673.heic,54.30681111111111,48.36151944444445,101.19211576846308,169.99671951886276,13,2.4,1000,1.55,1.03279,12,10,21,11,50,Lada,Series_2112,Old,Hatch,Dark-Grey,1.68,1.42
img_2700.heic,54.30705277777778,48.3619,101.19211576846308,313.02455146364497,25,2.4,1250,1.55,1.03279,12,10,21,17,37,Nissan,Almera,Old,Sedan,Black,1.71,1.44
img_2690.heic,54.30704444444444,48.36187777777778,101.19211576846308,317.19308510638297,25,2.4,1250,1.55,1.03279,12,10,21,15,52,Nissan,Almera,Old,Sedan,Black,1.71,1.44
